R040Q02,R040Q03A,R040Q03B,R040Q04,R040Q06,R077Q02,R077Q03,R077Q04,R077Q05,R077Q06,R088Q01,R088Q03,R088Q04T,R088Q05T,R088Q07,R110Q01,R110Q04,R110Q05,R110Q06,R216Q01,R216Q02,R216Q03T,R216Q04,R216Q06,R236Q01,R236Q02
1,1,1,0,0,1,1,1,1,1,1,0,1,0,1,1,1,1,1,0,1,1,0,0,1,1
1,1,1,1,0,1,1,1,0,0,0,1,0,1,1,1,1,0,0,1,1,0,1,0,1,0
0,1,1,1,1,1,1,1,1,1,1,1,1,1,1,1,1,1,1,1,1,1,1,1,1,1
1,1,1,1,1,1,1,1,0,1,1,1,0,1,1,1,1,1,1,1,1,1,1,1,1,1
1,1,1,1,1,1,1,0,1,0,1,0,0,1,1,1,1,1,1,1,1,1,1,1,1,0
1,1,1,1,1,1,1,1,1,1,1,1,1,1,1,1,1,1,1,1,1,1,1,1,1,1
0,1,0,1,0,1,1,0,0,0,1,1,0,0,0,1,1,1,1,0,1,1,1,1,0,0
1,0,1,1,0,0,1,0,0,1,0,0,1,1,1,1,1,1,1,1,0,1,0,1,1,0
1,0,0,1,0,1,1,1,1,1,1,0,1,1,1,1,1,0,1,1,1,1,1,0,1,0
1,1,0,1,0,1,1,1,0,0,1,0,1,1,1,1,1,0,1,0,0,0,1,0,1,0
1,1,1,1,0,1,1,0,1,1,1,1,0,1,1,1,1,1,0,1,1,0,0,1,0,0
1,0,1,1,0,1,0,1,0,0,1,0,0,0,0,1,1,0,0,1,1,0,0,0,0,0
0,1,0,1,1,1,0,0,0,0,0,0,0,1,0,1,1,0,1,0,1,1,0,1,1,0
1,1,1,0,1,1,0,0,0,0,1,0,0,0,1,1,1,1,1,0,0,0,0,1,1,0
1,1,1,1,1,1,1,1,0,0,1,0,0,1,1,1,1,1,1,1,1,0,0,1,1,0
1,0,1,1,1,1,1,1,0,0,0,0,0,0,0,0,1,0,0,1,0,1,1,1,0,0
0,0,0,0,0,0,0,0,0,0,1,0,0,0,0,0,0,0,0,0,0,0,0,0,0,0
1,1,1,1,1,1,1,1,1,0,1,0,0,1,1,1,1,1,1,1,1,1,0,0,1,0
1,1,0,1,1,0,0,1,0,0,1,0,0,1,0,1,1,0,0,1,0,0,0,1,0,0
0,0,0,1,0,1,1,1,0,1,1,1,0,1,1,1,1,1,1,1,1,1,0,1,1,0
1,1,1,1,1,1,1,1,1,0,0,0,1,1,1,1,1,1,1,1,0,1,0,1,0,0
1,1,0,1,1,1,1,0,0,0,1,1,0,1,0,1,1,1,1,1,1,1,1,1,1,1
1,1,1,1,1,1,0,1,0,1,1,1,0,1,1,1,1,1,1,1,1,1,1,1,1,1
1,1,1,1,1,1,1,0,0,0,1,1,0,1,1,1,1,1,1,1,1,1,1,1,0,0
0,0,0,0,1,1,1,0,1,1,1,0,0,1,0,1,1,1,1,0,0,1,1,1,0,0
1,0,0,0,1,1,0,0,0,1,1,0,0,0,0,1,0,1,0,0,0,0,1,1,1,0
1,1,1,1,1,1,1,0,1,0,1,0,0,0,1,1,1,1,1,1,1,0,1,0,1,0
1,0,0,0,0,0,0,0,0,1,1,0,0,0,0,1,0,0,0,1,0,0,0,0,0,0
0,0,0,0,0,0,0,0,0,0,0,0,0,0,0,0,0,0,0,0,0,0,0,0,0,0
1,0,0,0,1,0,0,1,0,0,1,0,0,1,0,1,1,1,1,0,0,0,0,0,1,0
0,0,0,0,1,0,0,0,0,0,0,0,0,0,1,1,1,1,0,1,0,0,0,0,0,0
1,1,0,1,0,1,1,1,1,1,1,0,0,1,1,1,1,1,1,1,0,0,1,1,0,1
1,1,0,0,1,1,1,1,1,0,0,1,0,1,1,1,0,1,0,1,1,1,1,1,1,0
0,0,0,0,0,1,1,0,0,0,1,1,0,1,0,1,1,1,1,1,1,0,1,0,1,1
0,0,0,1,1,1,0,1,0,1,1,0,0,0,0,1,0,0,1,1,1,1,0,1,1,0
0,0,0,1,1,1,0,0,0,1,1,0,0,0,0,1,1,1,0,1,1,0,0,1,0,1
1,1,0,1,0,1,1,1,1,0,0,0,0,1,0,1,0,1,0,1,0,0,0,0,1,0
1,0,0,1,0,1,1,0,0,0,1,0,0,0,0,0,1,1,1,0,0,0,0,1,1,0
1,0,0,1,0,0,0,0,1,0,1,0,0,0,0,0,0,0,1,1,0,0,1,1,0,0
0,0,0,0,0,0,0,0,1,0,0,0,0,0,0,1,1,0,1,0,0,0,0,0,0,0
1,1,0,1,1,1,1,1,0,1,1,1,0,1,1,1,1,1,1,0,0,0,0,0,0,0
1,0,1,1,1,1,0,1,0,1,1,0,0,1,1,1,1,1,1,1,1,1,1,1,1,0
0,0,0,0,0,0,0,1,1,0,0,0,0,0,0,1,1,1,1,1,1,1,0,0,1,0
1,1,0,1,1,1,0,1,0,0,1,1,0,0,1,1,1,1,1,1,1,1,0,1,0,0
1,1,0,1,1,1,0,0,0,0,1,1,0,1,1,1,1,1,1,0,1,1,1,0,0,0
1,1,0,1,1,0,0,0,0,0,1,1,0,0,0,1,1,1,0,0,0,0,0,1,0,0
1,1,1,1,1,1,1,0,0,0,1,1,0,1,1,1,1,1,1,1,1,0,1,0,0,0
1,1,1,1,1,1,0,1,0,1,1,1,0,1,1,1,1,1,0,1,0,1,1,1,1,1
0,0,0,1,1,0,0,0,0,0,1,0,0,0,1,1,1,1,1,0,0,0,0,0,1,0
1,0,0,1,0,1,1,1,1,0,0,0,0,1,1,0,1,1,0,1,1,1,1,1,0,0
1,1,1,1,0,1,1,1,1,1,1,0,0,1,1,0,1,0,1,1,0,0,1,1,1,0
0,1,0,1,1,1,0,0,1,0,1,0,0,1,0,1,1,1,1,0,1,0,0,1,1,0
1,0,1,1,0,1,1,1,0,1,1,0,0,1,1,1,1,0,1,1,1,1,1,1,1,0
1,1,1,1,0,1,1,1,0,1,0,0,0,0,1,1,1,1,1,1,1,1,1,1,1,0
0,1,1,1,1,1,0,0,0,0,0,0,0,1,1,1,1,0,1,1,0,0,0,1,1,0
0,0,0,0,0,1,1,0,1,0,1,1,1,0,0,1,1,1,1,0,1,0,0,1,1,1
1,1,1,1,1,1,1,1,0,0,0,1,0,1,1,1,1,1,1,1,0,0,0,1,1,1
1,0,0,0,0,1,0,1,0,0,0,0,1,0,0,1,1,1,0,0,0,0,0,0,1,0
1,1,1,1,1,1,1,1,1,0,1,1,1,1,1,0,0,1,1,1,1,1,1,1,1,0
1,0,0,1,0,1,0,1,0,0,0,0,0,0,0,1,1,1,1,1,0,0,0,0,1,0
1,0,0,1,1,1,1,1,1,1,1,0,0,1,1,1,1,1,0,1,1,1,0,1,1,0
0,0,0,0,0,0,1,0,0,0,1,1,0,0,1,0,0,0,1,1,1,0,0,0,0,0
1,1,1,1,1,1,1,1,1,1,0,0,0,1,0,1,1,1,1,1,1,1,0,1,1,0
1,1,1,1,1,1,1,1,1,0,1,0,0,1,1,1,1,1,1,1,1,1,1,1,1,1
1,0,0,1,1,0,1,0,1,0,0,0,0,1,0,1,0,1,1,0,1,1,0,1,0,0
1,1,0,1,1,1,1,1,0,0,1,1,1,1,1,1,1,1,1,1,1,1,0,1,1,1
1,1,1,1,1,1,0,1,0,0,1,1,1,1,1,1,1,1,1,1,1,1,1,1,0,0
1,1,0,1,1,1,1,1,1,1,1,0,0,0,0,1,1,1,1,1,0,1,1,0,1,0
1,1,1,1,1,1,1,1,0,0,1,0,0,1,1,1,1,1,1,1,1,1,1,1,1,0
1,1,0,0,0,1,0,0,0,1,1,1,0,1,1,1,1,0,1,1,1,0,0,1,1,0
0,1,1,1,1,1,1,1,1,0,1,1,1,1,0,1,1,1,0,1,1,1,0,1,1,0
1,1,1,1,1,1,0,1,0,1,1,1,0,1,1,1,1,1,1,1,1,1,1,1,1,1
0,1,1,1,1,1,1,0,0,0,0,0,0,1,1,1,1,1,1,1,1,1,1,1,1,1
0,1,1,1,1,1,1,1,1,1,1,1,0,1,0,0,1,1,1,1,1,1,1,1,1,1
0,0,1,1,0,1,0,1,0,0,0,0,0,1,0,1,1,1,1,1,1,1,0,1,1,0
1,0,0,1,1,1,1,0,1,1,0,0,0,1,1,1,1,1,1,1,1,1,0,1,1,0
1,1,0,1,1,1,1,1,0,1,1,1,0,1,1,1,1,1,1,1,1,1,0,1,0,0
1,1,0,1,1,1,1,1,0,1,1,0,0,1,1,1,1,1,1,1,1,1,0,1,1,1
0,1,0,1,1,0,0,1,0,0,1,0,0,0,1,1,1,1,1,1,1,1,1,1,0,0
1,0,0,1,1,1,1,1,0,1,0,0,0,1,1,1,1,0,0,1,0,0,0,1,0,0
0,0,1,1,1,0,0,0,0,0,1,0,0,0,0,1,0,0,0,1,1,0,0,1,0,0
0,0,0,0,0,1,1,0,0,1,0,0,0,0,1,1,1,1,0,1,1,1,0,1,0,1
0,0,0,1,1,1,1,1,0,0,0,0,0,1,1,1,1,1,1,1,0,0,0,1,0,0
1,0,1,1,0,1,1,1,0,0,1,0,1,1,1,1,1,1,1,1,1,0,0,1,0,0
1,0,0,1,1,1,1,0,1,0,0,0,0,1,0,1,1,1,1,1,0,0,0,0,1,0
1,0,1,1,0,1,0,1,0,0,0,0,0,1,1,1,1,0,1,1,0,0,0,1,0,0
1,1,1,1,1,1,1,0,1,1,1,1,0,1,1,1,1,1,0,1,1,0,1,1,1,0
0,0,0,1,1,1,0,1,0,1,1,0,0,1,1,1,1,1,1,1,1,1,1,1,1,0
1,0,1,1,1,1,0,0,1,1,0,0,0,1,1,1,1,1,1,1,0,1,0,0,1,1
1,0,0,1,0,1,1,1,1,1,1,1,0,1,1,1,1,1,1,1,1,1,1,1,1,1
1,1,1,1,1,1,0,0,1,0,1,0,0,0,1,1,1,1,1,1,1,1,1,1,1,1
0,1,0,1,1,1,0,1,0,0,1,1,0,1,1,1,1,0,0,1,1,1,1,1,0,0
1,1,1,1,0,1,0,0,0,1,0,0,0,0,1,1,1,0,1,1,0,0,0,0,0,0
0,0,0,0,0,0,0,0,0,1,1,0,0,0,0,1,0,0,0,1,0,0,0,1,0,0
0,0,0,0,0,1,0,1,0,1,1,0,0,1,0,1,1,0,1,1,0,0,1,1,0,1
1,0,0,1,1,1,0,1,0,0,1,0,0,0,1,0,1,1,1,1,1,1,0,1,0,0
1,1,1,1,1,1,0,1,0,0,1,0,0,0,1,1,1,0,1,1,1,1,0,1,1,0
1,0,1,1,1,1,1,1,0,0,1,1,0,0,1,1,1,1,1,1,1,1,1,1,1,1
1,1,1,1,0,1,1,0,0,0,1,0,0,1,1,1,1,1,1,1,1,1,0,1,0,0
1,0,1,1,0,1,1,1,0,1,1,0,1,1,1,1,1,1,0,1,1,1,1,1,0,1
1,1,1,1,1,1,1,1,0,0,1,0,0,1,1,1,1,0,1,1,1,0,1,1,1,0
0,1,0,1,1,1,1,1,1,0,0,1,0,1,1,1,1,1,1,1,1,0,0,1,1,0
0,0,0,0,0,0,1,1,1,1,1,0,0,1,1,1,1,1,1,1,1,1,1,1,0,0
0,0,0,0,0,0,0,0,0,0,0,0,0,0,0,1,1,0,1,0,0,0,0,0,0,0
1,0,0,1,1,1,0,0,1,0,0,0,0,1,1,0,0,0,0,0,0,0,0,0,1,0
1,1,0,1,1,1,0,0,0,1,1,1,1,1,1,1,1,1,0,1,1,0,1,1,0,0
0,0,0,0,0,1,0,1,0,0,1,0,0,0,0,1,1,1,0,1,0,0,0,0,0,0
1,0,1,1,1,1,1,1,0,1,1,0,0,1,1,1,1,1,1,1,1,1,0,1,1,1
0,1,1,1,1,1,0,1,1,0,1,1,0,1,1,1,0,1,1,1,1,0,0,1,0,0
0,1,0,1,1,0,0,0,0,1,0,1,0,1,0,1,1,0,1,0,1,1,1,1,1,0
0,1,0,1,1,1,1,1,0,0,1,1,0,1,0,1,1,1,1,1,0,0,0,1,1,0
0,0,0,0,0,1,0,1,0,1,1,1,0,1,0,1,1,1,1,1,1,0,0,1,0,1
1,1,0,1,1,1,1,0,0,1,1,1,0,1,1,1,1,1,1,1,1,1,1,1,1,0
0,1,1,1,0,1,1,1,0,0,1,1,0,1,1,1,1,1,1,0,1,0,1,1,0,0
1,0,0,1,1,1,1,0,1,0,1,0,0,1,1,1,1,1,0,1,1,1,0,1,1,1
1,1,1,1,1,1,1,1,1,1,0,0,0,1,1,1,1,0,1,1,1,1,1,1,1,0
1,1,1,1,1,1,1,0,0,1,1,1,0,1,1,1,1,1,1,1,1,1,0,1,0,0
1,1,1,1,1,1,1,0,0,1,1,1,0,1,1,1,1,0,1,1,1,1,1,1,0,0
0,1,1,1,1,1,1,1,1,0,1,0,0,1,1,1,1,1,1,1,1,0,0,1,0,0
0,1,0,1,1,1,0,0,0,0,1,1,0,1,1,1,1,1,1,1,0,0,0,1,1,0
1,0,0,1,0,0,0,0,0,0,0,0,0,0,0,0,0,0,0,0,0,0,0,0,0,0
1,1,0,1,0,1,0,1,0,0,0,0,0,1,1,1,1,1,1,0,0,0,0,0,0,0
1,1,0,1,1,1,0,1,0,1,0,0,0,1,1,1,1,0,1,1,0,0,1,1,1,0
1,1,1,1,1,1,1,1,0,1,1,0,0,1,1,1,1,1,1,1,1,1,1,1,0,0
0,1,0,1,1,1,1,1,0,0,1,1,0,1,1,1,1,0,1,1,1,1,1,1,0,0
1,1,1,1,1,1,0,0,1,1,1,1,1,1,1,1,1,1,1,1,1,1,1,1,1,1
1,1,0,1,1,0,0,1,1,0,1,0,1,1,1,1,1,0,1,1,1,0,0,1,1,0
1,1,1,1,1,1,1,0,1,0,1,1,0,0,1,1,1,0,1,1,1,0,1,0,1,0
1,1,1,1,1,1,1,0,0,1,1,1,1,1,1,1,1,1,1,1,0,0,0,1,0,0
0,0,0,1,0,0,0,0,0,0,0,0,0,0,0,1,1,0,1,0,0,0,0,0,0,0
0,0,0,1,0,0,0,0,0,1,1,0,0,0,0,0,0,0,1,1,0,0,1,0,0,0
1,0,0,1,0,0,0,0,0,0,1,0,0,1,0,0,1,0,1,0,0,0,0,0,0,0
0,0,0,0,1,0,0,0,0,0,0,0,0,1,0,1,1,0,0,0,0,0,0,0,0,0
0,1,0,1,0,0,0,0,0,0,0,0,0,1,0,1,0,0,0,0,0,0,0,0,0,0
1,0,0,1,1,1,1,0,1,1,1,0,0,1,1,1,1,1,1,1,1,1,0,1,0,0
1,1,1,1,1,1,1,1,1,1,1,0,0,1,1,1,1,1,1,1,0,0,0,1,1,0
1,1,0,1,1,1,1,0,0,1,1,0,1,1,1,1,1,1,1,1,1,0,0,1,0,1
1,0,0,1,0,1,1,1,1,0,1,1,0,1,1,1,1,1,1,1,1,1,1,1,0,1
1,0,0,1,1,1,0,1,0,0,1,1,1,1,1,1,1,1,1,0,0,0,0,0,1,0
0,1,0,1,1,1,1,0,1,0,1,0,0,0,0,1,1,1,1,1,1,0,0,1,0,0
0,1,0,1,1,1,1,0,0,0,1,0,0,0,1,1,1,1,1,1,1,0,1,1,0,1
1,0,0,1,0,1,1,0,0,0,1,1,0,0,0,0,1,0,0,1,1,1,0,0,0,0
1,1,1,1,1,1,1,0,1,1,1,0,1,0,1,1,0,1,1,1,1,1,1,1,0,1
1,1,1,1,1,1,1,1,0,1,1,0,1,1,1,1,1,1,1,1,1,1,1,1,1,1
1,1,0,1,0,0,0,1,0,0,0,0,0,0,0,1,1,1,0,0,0,0,1,1,1,0
1,1,1,1,1,1,0,1,1,1,1,1,0,0,1,0,0,1,1,0,1,0,0,0,0,0
0,0,0,0,0,0,0,1,0,1,1,0,0,0,0,1,1,0,1,0,0,1,0,0,0,0
1,1,1,1,1,1,1,1,0,0,1,1,0,1,1,1,1,1,1,1,1,1,1,1,1,1
1,1,1,1,1,1,1,1,0,0,1,1,0,1,1,1,1,1,1,1,1,1,0,1,1,1
1,1,1,1,1,1,0,1,0,1,1,1,0,0,1,1,1,1,1,1,1,1,1,1,0,0
1,1,1,1,1,1,1,1,0,1,1,0,0,1,1,1,1,1,1,1,1,1,1,0,1,0
1,1,1,1,1,1,1,1,0,1,1,1,1,1,1,1,1,1,1,1,1,1,1,1,0,0
1,0,0,1,0,1,1,1,0,0,1,0,0,1,0,1,1,0,0,1,1,0,1,1,0,0
1,1,0,1,0,1,0,1,0,1,1,0,0,1,1,1,1,0,1,1,0,0,1,1,1,0
1,0,0,0,0,0,0,0,0,0,0,0,0,0,0,1,0,0,0,0,0,0,0,0,1,0
1,1,1,0,1,1,1,0,0,0,1,0,0,1,1,0,1,1,0,1,1,0,0,0,1,0
1,1,0,1,1,1,1,0,0,0,1,0,0,1,1,1,1,1,1,0,1,1,0,1,0,0
1,0,0,0,1,1,0,1,0,0,0,0,0,1,1,0,1,1,0,1,0,0,0,0,0,0
0,0,0,0,0,1,1,1,1,0,0,0,0,0,0,0,0,0,0,0,0,0,0,0,0,0
0,0,0,0,0,0,0,0,0,0,0,0,0,0,0,1,1,1,1,0,0,0,0,0,0,1
0,0,0,0,0,0,0,1,0,0,0,0,0,0,0,1,1,1,1,1,0,0,0,0,0,0
0,0,0,0,0,1,1,0,1,0,0,0,0,0,0,1,1,1,1,1,1,0,0,1,1,0
1,1,0,1,1,0,1,1,0,0,1,1,0,1,1,0,1,0,0,0,1,1,1,0,0,0
1,1,0,1,1,1,0,0,0,0,1,0,0,1,1,1,1,0,1,1,0,1,0,1,1,0
1,1,1,1,1,1,0,1,0,1,1,0,0,1,1,1,1,1,1,1,1,1,1,1,0,0
1,1,1,1,1,1,0,1,0,1,1,1,0,1,1,1,1,1,0,1,1,1,0,1,1,0
0,1,1,1,1,1,1,1,0,1,1,1,0,0,1,1,1,1,1,1,1,0,1,1,1,0
1,1,0,0,0,1,1,1,0,0,0,0,0,1,0,1,1,1,0,1,0,0,0,1,0,0
0,1,1,1,0,1,1,1,0,1,0,0,0,0,0,1,1,0,1,1,1,1,0,1,0,0
1,0,0,1,1,1,1,0,0,0,0,0,0,0,1,1,1,1,0,1,0,1,1,1,1,0
0,0,0,0,0,1,0,0,0,0,0,0,0,0,0,0,0,0,0,0,0,0,0,0,0,0
0,0,0,0,1,1,0,1,0,0,0,0,0,0,0,0,1,1,0,0,0,0,0,0,0,0
1,1,1,1,1,1,0,1,0,1,1,1,0,1,1,1,1,1,1,1,1,1,1,1,0,0
0,0,0,0,0,1,0,0,0,1,0,0,0,0,0,1,1,1,1,0,0,0,0,1,1,0
0,0,0,1,0,0,1,1,0,0,1,0,0,1,1,1,1,1,1,1,1,0,0,1,0,0
0,0,0,1,0,0,0,0,0,0,0,0,0,1,1,1,1,0,1,0,1,0,0,1,0,0
0,1,0,1,1,1,0,0,0,1,1,0,0,1,0,1,1,0,1,1,0,1,1,1,1,0
1,1,0,1,0,1,1,1,0,0,1,1,0,1,1,1,0,0,0,1,1,1,1,1,1,0
0,0,0,0,1,1,1,1,0,1,0,0,0,0,0,1,0,1,1,1,1,0,0,1,0,0
0,0,0,1,1,0,0,0,0,0,0,0,0,0,0,1,0,0,0,0,0,0,0,0,0,0
0,0,0,1,0,0,0,0,1,1,0,0,0,0,1,1,0,0,0,0,0,0,0,1,0,0
0,0,0,1,0,1,0,1,0,0,0,0,0,1,1,1,1,0,1,1,0,0,0,1,0,0
0,0,0,1,0,1,1,1,0,1,1,0,0,1,1,1,0,1,1,1,1,0,0,1,0,0
1,0,0,0,0,0,0,1,0,0,1,0,0,0,0,0,1,0,1,0,1,0,0,0,1,0
1,1,1,1,1,1,0,1,0,0,1,0,0,1,1,0,1,1,1,1,1,1,0,0,0,0
1,1,1,1,1,1,1,1,1,0,1,1,0,1,0,1,1,1,1,0,1,1,0,0,1,1
1,1,1,1,1,0,1,1,1,1,0,0,0,1,1,1,1,1,0,1,1,1,0,1,0,1
0,1,1,1,0,1,1,1,1,1,0,0,0,1,1,1,1,1,1,1,1,0,0,1,0,0
1,1,1,1,1,0,1,0,1,0,0,0,0,1,1,0,1,1,1,1,1,1,0,1,0,0
1,1,1,0,1,1,1,1,1,1,1,1,0,1,1,1,1,0,1,1,1,1,1,1,1,1
1,0,0,1,1,1,1,0,0,1,1,0,0,1,1,1,1,1,1,1,0,0,1,1,0,1
1,1,0,1,1,1,0,1,0,0,1,1,0,0,1,1,1,1,1,1,1,1,1,1,1,0
1,1,1,1,1,1,0,1,0,1,1,1,1,1,1,1,1,1,1,1,1,1,1,1,1,0
1,1,1,1,1,1,1,0,0,1,1,1,0,1,1,1,1,1,1,1,0,1,1,1,1,1
1,1,1,1,0,1,1,0,0,1,1,0,0,1,1,1,1,1,0,1,1,1,0,1,1,1
1,1,1,1,1,1,1,1,0,0,1,1,0,1,1,1,1,1,1,1,1,1,1,1,1,1
0,1,1,1,0,1,1,1,1,0,1,0,0,1,1,1,1,1,1,1,1,1,1,1,0,1
1,1,0,1,1,1,1,0,1,0,1,1,0,1,1,1,1,1,1,1,1,0,1,0,1,1
1,1,0,1,1,0,1,0,1,1,0,0,0,1,1,1,1,1,1,1,1,1,0,1,1,1
1,1,1,1,1,1,1,1,0,1,1,1,1,1,1,1,1,1,1,1,1,1,1,1,0,1
1,1,1,1,1,1,1,0,0,1,1,1,0,1,1,1,1,1,1,1,1,1,0,0,1,0
0,0,0,0,0,0,0,0,0,0,0,0,0,0,0,0,1,0,1,1,0,0,0,1,0,0
0,1,0,1,0,1,1,1,1,0,1,1,0,1,0,1,1,1,1,1,1,1,0,1,1,0
0,0,0,1,0,0,1,1,0,1,1,0,0,1,1,1,1,1,1,1,1,0,0,1,1,0
0,0,0,1,0,1,0,0,0,0,1,0,0,1,1,1,0,1,1,1,0,1,0,0,0,0
0,0,0,0,0,1,0,0,0,1,1,0,0,0,0,1,1,1,1,1,0,1,0,1,0,0
1,0,1,1,1,0,1,1,0,0,1,0,0,1,1,1,1,1,1,1,1,1,1,1,0,0
1,0,1,1,0,1,1,1,0,0,1,0,1,1,1,1,1,1,1,1,1,1,0,1,0,1
0,0,0,0,0,0,0,1,0,0,0,0,0,0,0,0,0,0,0,0,0,0,0,0,0,0
0,1,0,0,0,0,0,1,0,0,0,0,0,0,0,0,0,0,0,0,0,0,0,0,0,0
0,0,0,1,0,0,0,0,0,0,0,0,0,0,0,0,0,1,1,1,0,0,0,0,0,0
1,0,0,1,0,0,0,1,0,0,0,0,0,1,0,1,1,0,1,0,0,0,0,1,0,0
1,0,0,1,1,1,1,1,0,0,1,0,0,1,1,1,1,0,1,1,1,1,1,1,1,0
1,1,1,1,1,1,0,1,0,0,1,0,0,1,1,1,1,1,1,1,0,0,1,1,1,0
1,1,1,1,1,1,1,0,1,0,0,0,0,1,1,1,1,1,1,1,1,1,1,1,1,1
1,0,0,1,1,0,0,1,0,1,1,0,0,1,1,1,1,1,1,1,1,1,0,0,0,0
1,1,1,1,1,1,0,0,0,0,1,1,1,1,1,1,1,1,1,0,0,0,0,0,1,0
1,1,1,1,1,1,0,0,0,0,1,1,1,1,1,1,1,1,1,0,0,0,0,0,1,0
1,1,0,1,1,1,0,0,1,1,1,1,1,1,1,1,1,1,1,1,1,1,0,1,1,0
1,1,0,1,0,1,0,1,0,1,0,0,0,1,0,1,1,1,0,1,1,0,0,1,0,0
1,0,0,1,1,1,1,1,0,1,1,0,0,1,1,1,1,1,1,1,1,0,0,1,1,1
1,1,1,1,0,1,1,1,0,1,1,0,0,1,1,1,0,1,0,1,1,1,1,1,0,0
1,0,0,1,1,1,1,1,0,0,1,1,0,1,1,1,1,0,1,0,1,1,0,1,1,0
1,1,0,1,1,1,0,1,0,1,1,1,1,1,1,1,1,1,0,1,0,1,0,1,1,0
0,1,0,1,1,1,1,1,1,1,1,1,0,1,1,1,1,0,1,1,1,0,1,1,0,0
1,1,1,1,1,1,0,1,0,1,1,1,0,0,1,0,0,0,0,1,1,1,0,1,0,0
1,0,0,1,0,0,0,0,0,0,0,0,0,0,0,1,0,0,1,0,0,0,0,0,0,0
0,1,0,1,0,0,1,1,0,1,1,0,0,0,0,1,1,0,0,0,0,0,0,0,0,0
0,1,0,1,0,0,0,1,0,1,0,0,0,1,0,0,1,1,0,0,0,0,0,0,1,0
0,0,0,0,0,0,0,0,0,0,0,0,0,0,0,0,0,0,0,0,0,0,0,0,0,0
0,1,1,1,1,1,0,1,0,0,1,1,1,0,0,1,1,1,1,0,0,0,0,0,0,0
0,0,0,0,0,0,0,0,0,0,0,0,0,1,0,0,0,0,0,0,0,0,0,0,0,0
0,1,0,1,0,1,1,0,0,1,1,0,0,0,0,1,1,0,0,1,1,0,1,0,1,0
1,1,1,0,0,1,1,0,0,1,1,0,0,1,1,1,1,1,1,1,1,1,1,1,1,1
1,1,1,1,1,1,1,0,0,0,1,0,0,1,1,1,1,1,1,1,0,1,1,1,1,1
1,0,1,1,1,1,1,1,0,0,1,0,0,1,1,1,1,1,1,1,1,1,1,1,1,1
1,1,1,1,1,1,0,1,0,0,0,1,0,1,1,1,1,1,0,1,1,1,1,1,0,1
1,1,1,1,1,1,0,0,0,1,1,1,0,1,1,0,1,1,1,1,1,1,1,1,0,0
1,1,0,1,0,1,1,0,0,1,1,1,0,0,0,1,1,1,1,1,1,0,0,1,0,0
0,1,0,0,0,1,1,1,0,0,0,0,0,0,0,1,1,1,0,0,0,0,0,0,0,0
1,1,0,1,1,1,1,0,0,0,1,0,0,1,1,1,1,0,1,0,1,0,0,1,0,0
1,0,1,1,1,1,1,1,0,1,1,0,0,1,0,1,0,1,0,1,1,1,0,1,0,0
0,0,0,0,0,1,1,1,0,1,0,0,0,0,0,1,1,0,1,0,0,0,0,0,0,0
1,1,0,1,1,1,1,1,1,1,1,0,0,1,1,1,1,1,0,1,1,1,1,1,1,0
1,1,1,1,1,1,0,1,0,1,0,0,1,0,1,1,1,1,1,1,1,0,1,1,1,1
1,0,0,1,1,1,0,0,1,1,0,0,0,1,1,1,1,1,1,1,1,1,1,1,1,1
1,1,1,1,0,1,1,1,0,1,1,1,0,0,1,1,0,1,1,1,1,1,1,0,1,1
1,1,0,1,0,0,0,0,0,0,0,0,0,1,1,1,0,1,1,0,1,0,0,1,0,0
1,0,1,1,0,1,0,1,0,1,1,1,0,1,0,0,1,0,1,0,0,0,0,0,0,0
0,0,0,1,0,0,0,0,0,0,1,0,0,1,0,1,1,0,1,0,0,0,0,0,1,0
1,1,0,1,1,1,0,0,0,0,1,0,0,1,1,1,1,0,1,1,0,1,0,0,1,0
1,0,0,0,1,1,0,1,0,0,1,0,0,1,0,0,1,0,1,0,0,0,0,0,0,0
0,1,0,1,0,0,1,1,0,1,0,0,0,1,0,0,0,0,0,1,1,0,0,1,1,0
0,0,0,0,1,0,1,1,0,0,1,0,0,1,1,0,1,1,1,1,1,0,0,0,0,0
0,1,0,0,0,1,0,0,0,0,0,0,0,1,0,0,0,0,0,0,0,0,0,0,0,0
0,0,0,1,1,1,0,1,0,0,1,0,0,1,0,0,1,1,1,0,0,0,1,0,0,0
0,0,0,1,1,1,1,1,0,0,0,0,0,1,1,1,1,1,1,1,0,0,1,1,0,0
0,0,0,1,0,0,1,0,0,0,0,0,0,0,0,1,1,1,1,0,0,0,0,0,1,0
0,0,0,1,1,0,1,1,0,1,0,0,0,0,0,1,1,1,0,0,0,0,1,1,0,0
1,0,0,1,0,0,0,0,0,0,0,0,0,0,0,0,0,1,0,0,0,0,0,1,0,0
1,1,0,1,1,1,1,0,0,0,1,1,1,1,1,1,1,1,1,1,1,1,1,1,1,1
1,1,1,1,0,1,1,1,0,1,0,0,0,1,0,1,1,0,1,1,1,1,0,1,1,0
0,0,1,1,1,1,0,1,0,0,0,0,0,0,0,1,1,1,1,1,1,0,0,1,0,0
1,0,0,0,0,1,1,0,0,1,1,1,0,1,0,1,1,1,1,0,0,0,0,0,1,1
0,0,0,0,0,1,1,1,0,0,0,0,0,0,0,1,1,1,1,1,1,0,0,0,0,0
0,0,0,0,0,0,0,0,1,0,0,0,0,0,0,0,1,1,0,0,0,1,1,0,1,0
0,1,1,1,1,1,1,1,0,1,0,1,0,1,1,1,1,1,1,1,1,1,0,1,1,0
0,0,0,1,0,1,1,1,0,0,1,0,0,1,0,1,1,1,1,1,0,0,0,1,0,0
0,0,0,1,0,0,0,0,0,0,0,0,0,1,0,1,1,0,1,0,1,0,0,1,0,0
1,0,0,1,1,0,0,1,0,0,0,0,0,0,1,0,0,0,0,0,0,0,0,0,0,0
0,0,0,0,0,1,0,0,0,0,0,0,0,0,0,1,1,0,0,1,0,0,0,0,0,0
0,0,0,0,0,0,0,0,0,0,0,0,0,0,0,1,1,0,0,1,0,0,0,0,0,0
0,0,0,1,1,1,0,1,0,0,0,0,0,1,0,1,0,0,1,1,0,0,0,1,1,0
1,1,0,1,0,0,0,1,0,1,0,1,0,1,1,0,0,1,1,0,0,0,1,0,0,0
0,0,0,1,1,1,0,0,0,0,1,0,0,1,0,1,0,0,1,0,0,0,0,0,0,0
1,1,1,1,1,0,0,1,0,0,1,0,0,0,1,1,1,0,0,1,0,0,0,0,0,1
1,0,0,0,1,0,0,0,0,0,0,0,0,1,0,1,1,0,1,1,0,0,0,1,0,0
0,0,0,1,0,1,1,1,1,0,0,0,0,0,1,1,1,0,0,0,0,0,1,0,1,1
0,0,0,0,0,0,0,0,0,0,0,0,0,0,0,1,1,1,1,0,0,0,0,0,0,0
0,0,0,1,0,0,0,0,0,0,1,0,0,0,0,0,0,0,0,1,0,0,0,1,0,0
1,0,0,0,0,1,0,0,0,0,0,0,0,0,0,0,0,0,0,1,0,0,0,0,0,0
0,0,0,0,0,1,0,0,0,1,0,0,0,0,0,1,1,0,0,0,0,0,0,0,0,0
0,0,0,0,1,0,0,1,0,0,0,0,0,0,0,0,0,0,0,0,0,0,0,0,0,0
0,0,0,0,0,0,0,1,0,1,0,0,0,0,0,0,0,0,0,0,0,0,0,0,0,0
1,1,1,1,1,1,1,1,0,1,1,1,1,1,1,1,1,1,1,1,1,1,1,1,1,0
1,1,1,1,1,1,1,1,1,1,1,1,1,1,1,1,1,1,1,1,1,1,1,1,1,1
1,1,1,1,1,1,0,0,0,1,1,0,0,1,1,1,1,1,1,1,1,1,1,1,1,0
1,1,1,1,1,1,0,1,0,1,1,0,0,1,1,1,1,1,1,1,1,1,1,1,1,1
1,1,1,1,1,1,1,0,0,0,1,0,1,0,0,1,1,1,1,1,1,1,1,1,0,1
1,1,1,1,1,1,1,1,0,1,1,1,0,1,1,0,1,1,1,1,0,0,1,1,1,1
0,0,0,0,0,1,0,0,0,0,0,0,0,0,0,1,1,1,0,1,0,0,0,0,0,0
1,0,0,1,0,1,0,1,0,1,0,0,0,0,0,1,1,1,0,1,1,0,1,1,0,0
1,0,0,0,1,1,0,0,0,0,1,0,0,1,1,1,1,1,1,0,0,0,0,0,0,0
1,0,0,1,1,1,0,0,0,0,0,0,0,1,0,1,0,0,0,1,1,0,0,1,0,0
1,0,0,1,0,1,0,0,0,0,1,0,0,1,1,1,0,0,0,1,0,0,0,0,1,0
0,0,0,0,0,1,0,0,0,1,0,0,0,0,0,1,1,0,1,0,0,0,1,0,1,0
0,1,0,1,1,1,1,0,1,1,1,0,0,0,1,1,1,1,1,1,1,1,0,0,1,0
1,0,0,1,1,1,0,1,1,1,1,1,0,1,1,1,1,1,1,1,1,0,0,1,1,0
1,1,0,1,1,0,1,1,0,0,0,1,0,1,0,1,0,1,0,0,0,0,0,0,0,0
1,1,0,1,0,1,1,1,0,0,0,1,1,1,1,1,0,0,1,1,1,1,0,0,0,0
0,0,0,1,1,1,1,0,0,0,1,0,0,1,1,1,1,1,1,1,1,1,1,1,1,0
1,1,0,1,1,1,1,0,0,1,1,0,0,1,1,1,0,1,1,1,1,1,0,1,1,1
1,0,0,1,1,1,1,0,0,0,1,0,0,0,1,1,1,1,1,1,1,1,0,0,0,0
0,0,0,0,0,1,1,1,0,1,1,0,0,0,1,1,1,1,1,1,0,1,1,1,0,0
1,1,0,1,1,1,1,1,1,1,0,0,0,1,1,1,1,1,1,0,0,0,0,1,0,1
0,1,1,1,1,1,0,0,0,0,1,0,0,0,1,1,0,1,0,1,1,1,1,1,1,0
1,1,1,1,1,1,1,0,0,0,1,1,0,1,0,1,1,1,1,1,1,0,0,1,0,0
1,0,0,1,1,1,0,1,0,1,1,0,0,1,1,1,1,1,1,1,1,1,1,1,0,1
1,0,0,1,0,0,1,1,0,0,1,0,0,1,1,0,1,0,1,1,0,1,0,1,1,0
0,1,1,0,1,1,1,0,1,0,0,0,0,1,1,1,1,0,1,1,1,0,0,1,0,0
1,1,1,1,1,1,1,1,0,1,1,1,0,1,1,1,1,1,1,1,1,1,0,1,1,1
1,1,1,1,1,1,1,1,1,1,1,1,1,1,1,1,1,1,1,1,1,0,1,0,0,1
1,0,0,1,1,1,1,1,1,0,1,1,0,1,0,1,1,0,1,1,1,1,0,1,1,0
1,1,1,1,1,1,1,0,1,0,1,1,1,1,1,1,1,0,1,1,1,1,1,1,1,0
1,1,0,1,1,1,1,0,0,0,1,1,0,1,1,1,1,1,1,1,1,1,1,1,1,0
1,1,0,1,1,1,1,1,0,0,1,0,0,0,1,1,1,1,1,1,1,0,0,0,0,0
1,0,0,1,1,1,1,1,1,1,1,1,0,0,1,1,1,1,0,1,1,1,1,1,1,0
1,1,1,1,1,1,1,1,0,1,1,1,0,1,1,1,1,1,0,0,1,1,0,0,1,0
1,1,1,1,1,1,1,1,0,1,1,1,0,1,1,1,1,1,1,1,1,1,0,1,0,1
0,1,1,0,0,1,0,1,0,1,1,0,1,1,1,1,1,0,1,1,0,1,0,1,1,0
1,0,0,1,0,1,0,0,0,0,0,0,0,1,1,0,1,1,1,0,0,0,0,0,1,0
1,0,1,1,1,1,1,1,1,0,1,1,0,1,1,0,1,1,0,1,1,1,1,1,0,0
1,1,1,1,1,0,1,0,0,0,0,0,0,0,0,1,1,1,1,0,0,1,1,0,0,0
1,0,0,1,1,0,0,1,0,0,0,0,0,0,0,1,0,0,0,1,0,0,0,1,1,0
0,1,0,1,0,0,0,0,0,0,0,0,0,1,0,0,0,0,1,0,0,0,0,0,0,1
0,1,1,1,1,1,0,1,0,1,0,0,0,1,1,1,1,0,1,1,0,0,0,0,0,0
0,1,0,1,0,1,0,0,0,1,0,0,0,0,0,1,0,0,1,1,1,0,1,1,1,0
0,1,0,1,1,1,0,1,0,0,0,1,0,1,1,1,1,0,0,1,1,1,1,1,0,0
0,0,0,1,0,0,0,1,0,0,0,0,0,0,0,0,1,0,1,1,1,0,0,1,0,0
0,1,0,1,0,1,0,0,0,0,1,0,0,1,0,1,1,0,1,0,0,0,1,1,0,0
1,0,0,1,0,1,1,1,0,1,1,0,0,1,1,1,1,0,0,1,1,0,1,1,1,0
0,0,0,1,1,1,1,1,0,1,1,1,0,1,1,1,1,0,0,0,1,1,0,1,1,0
1,0,1,1,1,1,0,1,0,0,1,0,0,1,1,1,1,1,1,1,1,1,1,1,1,0
0,0,0,1,1,1,1,1,0,0,0,1,1,1,0,1,1,0,1,1,1,0,1,1,1,0
1,0,0,0,1,1,1,1,0,1,1,1,0,1,0,1,1,1,1,1,1,1,1,1,1,1
1,1,1,0,0,1,0,1,0,0,0,0,0,1,0,0,0,1,1,0,0,0,0,0,0,0
0,1,0,0,1,1,1,1,1,0,1,0,0,0,0,1,1,0,1,1,1,1,1,1,0,0
1,1,0,1,1,0,1,0,0,0,0,1,0,1,1,0,0,1,1,1,0,0,0,1,0,0
1,0,0,1,0,0,0,0,0,0,0,0,1,0,0,0,0,0,0,0,0,0,0,0,0,0
0,0,0,1,0,0,0,0,0,0,0,0,0,1,0,0,1,0,1,0,0,0,0,1,0,0
0,0,0,0,0,1,0,1,0,0,0,0,0,0,0,1,1,1,1,1,0,0,0,0,0,0
1,1,1,1,0,0,0,1,0,0,0,0,0,0,0,1,0,1,1,0,1,0,0,0,0,0
1,0,1,1,1,1,0,1,0,0,1,0,0,1,0,0,0,0,1,1,0,0,1,1,0,0
0,0,0,1,1,0,0,1,0,0,0,0,0,1,0,0,0,0,0,0,0,0,0,0,0,0
1,1,1,1,1,1,1,0,0,1,1,0,0,0,1,1,1,1,1,1,1,1,1,1,1,1
1,1,0,1,0,1,1,1,0,0,1,0,0,1,1,1,1,1,1,1,1,1,0,1,0,0
1,1,1,1,1,1,0,1,1,1,1,1,1,1,1,1,1,1,1,1,1,1,0,0,1,0
1,0,0,1,0,1,1,1,1,1,1,1,0,1,1,1,1,0,1,1,1,1,1,1,1,0
1,0,0,1,1,1,1,1,0,1,1,0,0,1,1,1,1,1,1,1,1,0,0,0,1,1
1,1,1,1,1,1,1,1,0,1,1,1,0,1,0,1,1,0,1,1,1,1,1,1,1,0
0,0,0,0,0,0,0,0,0,0,0,0,0,0,0,0,0,1,0,1,0,0,0,0,0,0
1,0,0,1,1,1,1,1,1,1,0,0,1,1,1,0,1,1,1,1,1,1,1,1,0,1
0,1,0,0,1,1,1,0,0,1,0,0,0,0,0,1,0,1,1,0,1,0,0,0,1,0
1,1,0,1,0,1,0,1,0,1,0,0,0,1,1,1,0,1,0,0,0,0,0,0,1,0
0,0,0,0,0,0,0,0,0,0,0,0,0,0,0,1,0,0,0,1,1,0,0,0,0,0
0,0,0,1,0,0,0,1,0,0,0,0,0,0,0,1,1,0,0,0,0,0,0,0,0,0
0,0,0,0,0,0,0,0,0,0,0,0,0,0,0,0,0,0,0,0,1,0,0,0,0,0
0,0,0,1,0,0,0,0,0,0,0,0,0,0,0,1,1,1,1,1,1,1,0,1,0,0
1,0,0,1,0,1,1,1,1,1,1,0,0,1,1,1,1,1,1,1,1,1,1,1,1,0
0,1,0,1,0,0,0,1,0,1,0,0,0,1,0,0,0,0,1,1,0,0,0,1,1,0
1,1,0,0,0,1,0,0,0,0,0,0,0,0,0,1,0,0,0,1,1,0,0,0,1,0
1,0,0,1,0,1,0,1,0,0,0,0,0,1,0,1,1,0,0,0,0,0,0,0,0,0
0,0,0,0,0,0,0,1,0,0,0,0,0,0,0,1,0,0,1,0,0,0,0,0,0,0
0,0,0,0,0,0,0,0,0,1,1,0,0,0,0,1,1,0,0,1,0,0,0,0,0,0
1,1,1,1,0,1,0,1,0,1,1,1,0,0,1,1,1,1,1,0,0,0,0,0,1,0
1,1,0,1,1,1,1,1,0,1,1,0,0,1,1,0,1,1,1,1,1,0,1,1,1,0
0,0,0,0,0,1,0,0,0,0,1,0,0,1,1,0,0,1,1,0,0,0,0,0,1,0
1,0,1,1,1,1,0,1,1,0,0,0,0,0,0,1,0,1,1,0,0,0,0,0,1,0
1,1,1,1,1,1,0,1,0,1,1,0,0,1,0,1,0,1,1,1,0,0,1,1,1,0
1,1,1,1,0,1,1,1,1,1,1,1,1,1,1,1,1,0,1,0,0,0,0,0,1,0
0,0,0,1,0,1,1,1,0,1,1,0,0,1,1,1,1,1,0,1,0,1,0,1,1,0
0,0,0,0,0,1,1,1,1,0,0,0,0,0,0,1,1,1,1,1,0,0,0,1,0,0
1,1,0,1,1,1,1,0,0,1,1,0,0,1,0,0,1,0,1,0,0,0,0,0,0,0
1,1,1,1,1,1,1,1,0,0,0,0,0,1,1,1,1,0,1,1,1,1,1,1,1,0
1,1,0,0,1,1,1,1,0,0,1,0,0,1,1,1,1,1,0,1,1,0,0,0,1,0
1,1,1,1,1,1,1,1,0,1,1,0,0,1,0,1,1,1,1,1,0,0,1,1,1,1
0,1,0,1,1,1,1,1,1,1,0,0,0,1,1,1,1,0,1,1,1,1,0,0,1,1
1,0,0,0,0,0,0,0,0,1,0,0,0,1,0,1,1,1,1,1,0,0,1,1,0,0
0,1,0,1,1,1,1,0,0,1,1,0,0,1,1,1,1,1,1,1,0,1,1,1,1,0
0,0,0,0,0,1,0,0,1,1,0,0,0,0,0,1,0,1,1,0,0,0,0,0,0,0
1,0,0,1,1,1,0,0,0,0,0,0,0,0,0,1,0,1,0,0,0,0,0,0,0,0
1,1,1,1,1,1,0,1,0,0,1,0,0,1,1,0,0,0,0,1,1,0,1,1,0,0
0,1,0,1,1,1,1,1,0,0,1,1,0,1,1,1,0,1,1,1,1,1,1,1,1,1
1,0,0,0,0,0,0,1,0,0,0,0,0,0,0,1,1,0,1,1,0,0,0,0,1,0
1,1,0,1,1,1,0,1,1,1,1,1,0,1,1,1,1,1,1,1,1,1,1,1,1,1
1,1,0,1,1,1,1,0,0,1,1,1,0,1,1,1,1,0,0,1,1,0,1,1,0,0
0,0,0,1,0,1,0,0,0,0,0,0,0,1,0,0,0,0,1,1,0,0,0,1,0,0
1,1,1,1,0,1,0,0,1,1,0,1,1,1,1,1,1,1,1,1,0,0,0,1,0,0
1,0,0,1,1,1,0,1,0,1,0,0,0,0,0,1,1,1,1,1,0,0,1,1,0,0
1,1,0,1,0,0,1,0,0,0,0,0,0,1,0,0,1,1,1,0,0,0,0,0,0,0
1,1,1,1,0,1,0,1,0,1,1,0,0,0,1,1,1,1,0,1,0,0,0,0,0,0
1,0,0,0,0,0,0,0,0,0,0,0,0,1,0,0,0,0,0,0,0,0,0,0,0,0
0,0,0,0,0,0,0,0,0,0,0,0,0,1,1,1,0,0,0,0,0,0,0,0,0,0
1,0,1,1,1,1,1,0,1,0,1,0,0,0,1,1,1,1,1,1,0,1,1,1,0,0
1,1,0,1,0,1,0,1,0,1,0,0,0,1,1,1,1,1,1,1,0,1,0,0,0,0
0,0,0,0,0,1,0,0,0,1,0,0,0,0,0,1,1,0,1,1,0,0,0,0,0,0
0,1,1,1,1,1,1,1,1,1,1,1,1,1,1,1,1,1,1,1,1,1,1,1,1,1
1,1,1,1,1,1,0,1,0,0,1,0,0,0,0,1,1,1,0,1,1,0,0,1,0,0
1,1,0,1,1,1,1,1,1,1,1,1,1,0,1,1,1,1,1,1,1,1,0,1,1,0
1,1,0,0,1,0,0,1,0,1,0,0,0,1,1,0,1,0,1,0,0,0,0,0,0,0
0,0,1,1,0,1,0,0,1,0,0,0,0,1,0,0,0,0,1,1,1,0,0,1,0,0
0,0,0,0,0,0,0,0,0,0,0,0,1,1,0,1,1,0,1,0,0,0,0,0,1,0
1,1,1,0,0,0,0,1,1,1,1,0,0,0,1,1,1,1,1,1,1,0,0,1,0,0
0,0,1,0,0,0,0,0,1,0,0,0,0,1,0,0,1,0,1,0,0,1,0,0,0,0
0,1,0,1,1,1,1,1,0,1,1,1,0,1,0,1,1,1,1,1,1,1,1,1,1,1
1,0,0,1,1,1,0,0,0,1,1,1,0,1,1,1,1,1,1,1,1,0,1,0,0,0
1,1,1,1,1,1,1,0,0,1,1,1,0,1,1,1,1,1,1,1,1,1,1,1,1,0
0,1,0,1,1,1,1,1,1,1,1,0,0,1,1,1,1,1,1,1,1,1,1,1,1,0
1,1,0,1,1,1,1,1,0,1,0,0,1,1,1,0,1,1,0,1,1,1,0,1,0,0
1,1,0,1,1,1,1,1,0,1,1,1,0,1,1,1,1,1,0,1,1,1,1,1,1,1
0,0,0,1,0,0,0,0,0,0,0,0,0,0,1,0,1,0,0,0,0,0,0,0,0,0
1,0,0,1,0,1,0,0,0,0,1,1,0,0,0,1,0,1,0,1,0,0,0,1,1,0
1,0,0,1,0,1,0,0,0,1,1,0,0,0,1,1,1,1,1,1,0,0,0,0,1,0
1,1,0,0,0,1,0,0,0,0,1,0,0,1,1,1,1,1,1,0,1,1,1,1,0,0
1,1,0,1,1,1,0,1,0,1,0,0,0,0,1,1,1,1,0,1,0,0,0,1,0,0
0,0,0,0,0,1,0,1,0,0,0,0,0,0,0,1,0,0,1,1,0,0,0,1,1,0
0,0,0,1,1,1,1,1,0,0,1,0,0,1,0,0,0,0,1,0,0,0,0,1,0,0
0,0,0,0,0,0,0,0,0,0,0,0,0,0,1,0,1,0,0,0,0,0,0,0,0,0
1,1,0,1,0,1,0,1,0,0,1,1,0,1,0,1,0,0,1,0,1,0,0,0,0,0
1,1,0,1,0,1,0,1,0,0,1,1,0,1,0,1,0,0,1,0,1,0,0,0,0,0
0,0,0,1,0,1,0,0,0,0,0,0,0,1,1,1,0,1,0,0,0,0,0,0,0,0
0,0,0,0,1,0,0,0,0,1,0,0,0,0,0,1,1,1,1,1,0,0,0,0,0,0
1,0,0,1,1,1,1,1,1,0,1,1,0,1,1,1,1,1,0,0,1,0,0,1,1,1
0,0,0,0,0,1,0,1,0,0,0,0,0,0,0,1,1,1,1,1,1,0,0,0,0,0
0,0,0,0,0,0,0,1,0,1,0,0,0,0,1,1,0,0,1,0,0,0,0,1,0,0
1,0,0,1,0,1,0,1,0,1,1,0,0,1,1,1,1,1,1,1,0,0,1,0,1,0
1,1,0,1,1,1,1,0,0,0,1,0,0,1,0,1,1,1,0,1,1,0,1,1,0,0
1,1,0,0,0,1,0,1,1,0,0,0,0,1,1,1,0,0,1,1,0,1,0,1,0,0
1,1,0,0,1,1,1,0,0,1,1,0,0,1,1,1,1,1,1,0,0,1,1,1,1,0
1,1,1,1,1,1,1,1,0,1,1,1,0,0,0,1,1,1,1,0,0,0,0,1,0,0
1,0,0,1,0,1,0,0,0,1,1,0,0,1,0,1,0,0,1,0,0,0,1,0,1,0
1,0,0,1,0,1,0,0,0,0,1,0,0,1,0,1,1,1,0,1,1,0,0,1,0,0
1,0,0,1,0,0,1,1,0,0,1,0,0,1,0,1,1,1,1,1,0,0,0,1,0,0
1,1,1,1,1,1,1,0,0,1,1,0,1,1,1,1,1,1,1,1,1,1,0,1,1,0
1,0,0,1,0,1,0,0,0,0,1,0,0,1,0,1,1,0,1,0,0,0,0,0,1,0
1,1,1,1,1,1,1,1,0,1,0,0,0,1,1,1,0,1,1,0,0,0,1,0,0,0
1,1,1,1,1,1,1,1,1,1,1,1,0,1,1,1,1,0,1,1,1,1,1,1,1,0
0,1,0,1,1,1,1,0,1,0,0,0,0,1,1,1,1,1,1,1,0,1,1,1,1,0
0,1,1,1,1,1,1,1,1,1,1,0,0,1,1,1,1,1,1,1,1,0,1,1,1,1
0,1,0,0,0,1,1,0,0,1,1,0,0,1,1,1,1,1,1,1,1,1,1,1,0,0
1,1,1,1,1,1,0,1,1,1,1,1,0,1,0,1,1,1,1,1,1,0,1,1,0,1
1,1,1,1,1,1,1,0,1,1,1,1,0,1,1,1,1,1,1,1,1,0,1,1,1,1
1,1,0,1,1,0,1,1,0,0,1,1,0,1,1,1,1,1,1,1,0,1,0,1,1,0
1,1,0,1,1,1,1,1,1,1,1,0,0,0,1,1,1,1,1,1,1,0,1,1,1,1
0,0,0,0,0,1,1,1,0,1,1,0,0,0,0,1,1,1,0,0,0,0,0,0,0,0
1,0,0,1,1,1,1,0,1,0,0,1,1,1,0,1,1,1,0,1,1,0,0,0,1,0
0,1,0,1,1,0,1,1,0,0,0,0,0,1,0,1,1,1,0,1,1,1,0,1,1,0
0,1,0,0,0,1,1,1,0,0,1,0,0,1,0,1,1,1,1,1,0,0,0,1,0,0
1,1,0,0,0,1,1,0,0,0,1,0,0,1,0,1,1,1,0,1,0,0,1,1,1,0
1,0,0,1,0,1,1,0,0,0,0,1,0,1,0,1,0,1,0,0,1,0,0,1,1,0
0,0,0,1,1,1,1,0,0,1,1,1,0,0,1,1,1,1,1,1,1,0,0,1,1,0
0,1,0,1,1,0,1,1,0,0,1,1,0,1,1,1,1,1,1,1,1,1,0,1,1,0
0,1,0,1,1,1,1,1,0,1,0,1,0,1,0,1,1,1,0,1,1,1,0,1,1,0
0,0,0,0,0,0,0,0,0,0,0,0,0,0,0,0,1,0,0,0,0,0,0,0,1,1
0,0,0,0,0,0,0,1,0,1,0,0,0,0,0,1,1,0,0,1,0,0,0,1,1,0
0,1,1,1,1,1,1,1,0,1,1,1,0,1,1,1,1,1,1,0,1,1,0,1,1,0
0,1,1,1,1,1,1,1,1,1,1,1,0,1,1,1,1,1,0,1,0,1,0,1,1,0
1,1,1,1,1,1,0,0,0,0,0,1,0,1,0,1,0,1,1,1,1,0,1,1,0,0
1,1,0,1,1,1,1,1,1,1,1,1,0,1,1,1,1,1,1,1,1,1,0,1,0,0
1,1,0,0,1,0,0,0,0,0,0,0,0,1,0,0,0,1,1,1,0,1,0,1,0,0
1,1,1,1,1,1,1,1,0,1,1,1,1,1,1,1,1,1,1,1,1,1,1,1,1,0
1,0,0,1,1,1,1,1,0,0,1,0,0,0,1,1,1,1,1,1,1,0,0,1,0,0
0,0,0,1,1,1,1,1,1,1,1,1,0,1,1,1,1,1,1,1,1,1,0,0,1,1
1,1,0,1,1,1,0,1,0,1,1,0,0,1,1,1,1,1,1,1,1,1,1,0,1,0
1,1,0,1,1,0,0,1,0,0,1,0,0,1,0,1,0,0,1,0,0,0,0,0,0,0
1,0,0,0,1,1,0,1,1,1,0,0,0,1,0,1,1,1,0,0,0,0,0,0,1,0
0,0,0,1,0,1,1,1,1,0,1,0,0,1,0,0,1,1,0,1,0,0,1,1,0,0
1,1,1,0,1,1,1,0,1,1,1,1,0,1,1,1,1,1,1,1,1,1,1,1,1,0
0,1,1,1,1,1,1,1,0,0,1,1,0,0,1,1,1,1,1,1,1,1,0,1,0,1
1,1,1,1,1,1,1,1,0,0,1,1,1,1,1,1,1,1,1,1,1,1,1,1,1,1
1,1,0,1,0,0,1,1,1,1,1,1,0,1,1,1,1,1,1,1,0,0,1,1,1,0
1,1,1,1,0,1,1,0,1,0,1,1,1,1,1,1,1,1,1,1,1,1,1,1,1,1
1,1,1,1,1,1,0,0,0,1,1,1,0,1,1,1,1,1,1,1,1,1,1,1,0,0
0,0,0,0,0,1,1,0,1,1,1,1,0,1,0,1,1,1,1,1,1,0,1,1,0,1
1,1,0,0,1,1,0,0,0,0,0,0,0,0,0,1,1,0,0,1,0,0,1,1,0,0
0,0,0,0,0,0,0,0,0,0,1,0,0,0,0,0,0,0,0,0,0,0,0,0,0,0
1,1,0,1,0,0,0,1,0,0,1,0,0,0,0,1,0,0,1,1,1,0,0,1,0,0
1,1,0,0,0,1,0,0,0,0,1,0,0,1,0,1,0,1,0,1,0,0,0,1,0,0
1,1,1,1,0,1,0,1,0,0,1,0,0,1,1,1,1,1,1,1,1,0,0,1,1,0
0,0,0,0,0,0,0,0,0,0,0,0,0,0,0,1,1,1,1,0,0,0,0,0,0,0
1,1,0,1,0,0,0,0,0,1,0,0,0,0,1,1,1,1,1,1,0,0,0,0,0,0
0,0,0,1,0,1,0,1,0,1,1,0,0,0,0,0,0,0,0,0,0,0,0,1,0,0
1,1,0,1,1,1,1,1,0,0,0,0,0,1,1,1,1,1,0,1,1,1,0,1,0,0
1,0,0,1,1,1,0,0,0,1,0,0,0,1,0,1,1,1,1,1,1,0,0,1,0,0
0,1,1,1,1,1,1,0,0,0,0,0,0,1,1,1,1,0,1,1,1,0,1,0,1,0
0,1,0,1,1,1,1,1,0,1,1,1,0,1,1,1,1,1,0,1,0,1,1,1,1,0
0,0,0,0,0,1,1,0,0,0,1,0,0,1,0,1,1,0,1,0,1,0,0,0,1,1
0,0,0,1,1,1,1,0,0,0,1,0,0,1,1,0,1,1,1,1,0,0,0,1,1,0
1,0,0,1,0,1,1,0,0,1,0,0,0,1,1,1,1,1,1,1,0,0,0,1,1,0
1,0,0,0,0,1,1,0,0,1,0,0,0,0,0,0,1,0,0,0,1,0,0,0,0,0
1,0,0,1,1,1,1,1,0,0,1,0,1,1,1,1,1,0,1,1,1,1,1,0,1,0
1,0,0,1,0,1,1,1,1,1,0,1,0,0,1,1,0,1,1,1,0,1,0,1,0,0
1,0,0,0,0,1,0,1,0,1,1,1,0,0,1,1,1,1,0,1,0,0,0,1,0,0
1,0,0,1,1,0,0,0,0,1,1,0,0,0,0,0,1,1,0,0,0,0,0,0,0,0
1,1,0,1,1,0,0,0,0,0,1,0,0,0,0,1,1,0,1,1,0,0,0,0,0,0
0,1,0,1,1,0,0,0,0,0,0,0,0,1,0,1,0,1,1,0,1,0,0,1,0,0
1,0,0,1,1,1,1,0,1,0,0,0,0,0,1,1,1,1,1,1,0,0,0,1,1,0
1,1,0,1,1,1,1,1,1,1,1,1,0,1,1,1,1,0,1,1,1,1,1,1,0,0
0,0,0,1,1,1,0,1,0,1,1,0,0,0,0,1,1,1,1,1,0,0,1,1,1,0
1,1,1,1,1,1,1,0,1,0,1,1,0,1,1,1,1,1,1,1,1,1,0,1,1,0
1,0,0,0,0,1,0,0,0,1,0,0,0,1,0,0,0,0,1,0,0,0,0,0,0,0
0,1,0,1,0,0,0,0,0,0,0,0,0,0,0,0,0,1,1,0,0,0,0,0,0,0
0,0,0,0,1,1,0,0,0,1,0,0,0,0,0,1,1,1,1,1,0,0,0,1,0,0
0,0,0,1,1,0,0,0,0,0,0,0,0,0,1,0,0,0,1,1,0,0,0,0,0,0
1,0,0,1,0,0,0,0,0,0,1,0,0,0,0,1,1,1,1,0,0,0,0,0,1,1
1,1,1,0,0,0,0,0,0,1,0,0,0,1,0,1,1,0,0,0,0,0,0,1,0,1
1,0,0,1,1,1,0,0,0,1,1,0,0,0,1,1,1,1,1,1,0,1,0,1,1,1
0,0,0,1,0,0,1,1,0,0,0,0,0,0,0,0,0,0,1,0,1,0,0,1,0,0
1,1,0,1,0,1,0,0,1,0,0,1,0,1,1,1,0,1,1,1,0,0,0,1,1,0
1,0,1,1,0,1,0,1,1,0,0,0,0,0,0,1,1,1,1,0,0,0,0,0,0,0
1,0,0,1,0,1,0,0,0,0,1,0,0,1,1,1,1,1,0,1,0,1,1,1,1,0
1,0,0,1,0,1,0,1,0,0,1,0,0,1,1,1,1,0,0,0,0,0,0,1,0,0
0,0,0,1,0,1,0,1,0,1,0,0,0,0,1,1,0,1,1,0,0,0,0,1,1,0
1,0,0,1,1,0,0,1,0,0,0,0,0,1,0,1,1,1,1,1,0,0,0,0,0,0
0,0,0,0,0,1,0,0,0,0,1,0,0,0,0,1,0,0,0,1,1,1,0,1,0,0
0,0,0,1,1,0,0,0,1,0,1,0,0,0,0,1,1,1,0,1,0,0,1,1,1,0
1,0,0,1,1,1,0,0,0,1,1,0,0,1,1,1,1,1,1,1,0,0,0,1,0,0
0,0,0,1,0,0,0,0,0,0,1,0,0,0,0,0,1,0,1,0,0,0,1,0,0,0
0,0,0,1,0,0,0,0,1,1,0,0,0,0,0,0,1,1,1,0,0,0,0,0,0,0
1,1,1,1,0,1,0,0,0,0,0,0,0,0,1,1,1,0,1,0,0,0,0,0,0,0
0,0,0,0,0,1,0,1,1,0,0,1,0,0,0,1,1,1,1,1,0,0,0,0,0,0
0,1,0,1,1,1,1,1,0,1,1,0,0,1,1,1,1,0,1,1,1,0,1,0,0,0
1,1,0,0,1,0,0,1,0,0,0,0,0,1,1,1,1,1,0,1,1,0,0,0,0,1
1,1,0,1,0,1,1,0,1,1,0,1,0,1,1,1,1,1,1,1,1,1,0,1,1,0
1,1,0,1,1,1,1,1,0,1,1,0,0,0,1,1,1,0,1,1,1,0,0,1,1,1
1,1,0,1,1,1,1,0,1,1,1,0,0,1,1,1,1,1,1,1,1,1,1,1,1,1
0,0,0,0,0,1,1,1,1,1,1,0,0,0,0,1,1,1,1,1,0,1,0,1,0,0
1,0,0,1,0,1,1,1,0,0,1,0,0,1,0,0,1,1,1,1,1,0,0,1,1,1
1,0,0,0,1,0,1,0,0,0,0,0,0,1,0,1,1,1,0,0,0,0,0,0,0,0
1,1,0,0,0,0,1,1,1,0,0,0,0,0,0,0,1,0,0,1,0,0,0,1,0,0
1,0,0,1,1,1,0,1,0,1,1,1,1,1,1,1,1,1,1,1,1,0,1,1,1,0
1,1,0,1,0,1,0,0,0,0,1,0,0,1,1,1,0,1,1,1,0,0,0,1,0,0
1,1,1,1,1,1,1,0,0,0,1,0,1,1,0,0,1,1,1,1,1,0,0,1,1,0
0,0,0,0,0,1,1,1,0,0,0,0,0,0,0,1,1,1,0,0,1,0,0,1,1,1
1,1,0,1,1,1,1,0,0,0,0,0,0,1,1,1,0,1,1,1,1,0,0,1,1,0
1,1,1,1,1,1,1,1,0,0,1,0,1,1,0,1,1,1,1,1,0,0,0,1,1,0
1,1,1,1,1,1,1,1,0,1,1,0,1,1,1,0,1,1,1,1,0,1,1,1,1,0
1,1,1,1,1,1,0,0,0,1,0,1,1,1,0,1,1,0,1,1,0,0,1,1,0,0
0,0,0,1,1,0,0,0,0,0,0,0,0,0,1,0,1,1,0,0,0,0,0,0,0,0
1,1,1,1,1,1,1,1,1,1,1,1,1,1,1,1,1,1,1,1,1,1,1,0,1,0
0,1,0,1,1,1,1,1,1,0,1,0,0,1,1,1,1,1,0,0,1,1,1,1,1,1
1,0,0,1,1,1,1,1,0,0,1,0,0,1,1,1,1,1,1,1,1,1,1,1,1,0
1,1,1,1,1,1,1,1,1,1,1,0,1,1,1,1,1,1,1,1,1,1,1,1,0,0
1,1,1,1,1,1,1,0,0,0,1,0,0,1,0,1,1,1,0,1,1,0,0,1,0,0
1,1,1,1,0,1,0,1,1,0,1,0,1,1,1,1,1,1,0,1,1,0,0,1,1,0
0,1,0,1,1,0,0,1,1,1,0,1,0,0,0,1,1,1,0,1,1,0,0,1,0,0
0,1,0,1,0,1,0,1,0,0,0,0,0,0,1,1,0,1,1,1,0,0,1,0,1,0
1,1,1,1,1,1,0,1,0,1,1,1,0,1,1,1,1,1,1,1,1,1,1,1,1,1
1,0,0,1,1,1,0,1,0,0,1,0,0,1,0,1,1,1,1,1,1,0,1,1,0,0
1,1,0,1,1,1,1,0,1,0,1,1,0,1,1,1,1,1,1,1,1,1,0,1,1,1
1,1,1,0,0,1,1,1,1,1,1,1,0,0,0,1,1,1,1,1,0,1,1,1,1,0
1,1,1,1,1,1,1,1,0,1,1,1,0,1,1,1,1,1,0,1,1,1,1,1,1,0
0,0,0,0,0,1,0,1,0,1,1,0,0,0,1,1,1,1,1,0,0,0,0,1,1,0
1,1,1,1,1,1,1,0,1,1,1,1,1,1,1,1,1,1,0,1,1,1,0,1,0,1
1,1,1,1,1,1,1,1,0,0,1,1,0,1,1,1,1,1,1,1,1,1,1,1,1,1
0,1,1,1,0,1,1,1,0,1,1,0,0,1,1,1,0,1,1,1,1,1,0,1,1,0
1,1,1,1,1,1,1,1,1,1,1,1,0,1,1,1,1,1,1,1,1,1,1,1,1,1
0,1,0,0,0,0,0,1,0,0,0,0,0,0,0,0,1,0,1,0,0,0,0,1,0,0
1,0,1,1,1,1,0,0,0,0,0,0,0,1,0,0,0,0,0,1,0,0,0,1,0,0
0,0,0,1,1,1,0,0,0,0,0,0,0,0,1,0,0,0,0,1,0,0,0,1,0,0
1,0,0,1,0,0,0,0,0,0,0,0,0,0,1,0,0,0,1,0,0,0,0,0,0,0
0,0,0,0,0,0,0,0,0,0,0,0,0,1,0,1,1,0,1,1,1,0,0,1,0,0
1,0,0,0,0,0,0,0,0,0,0,0,0,0,0,0,1,0,1,0,0,0,0,1,0,0
0,1,0,1,1,0,0,1,0,1,1,0,0,1,1,1,1,1,1,1,0,0,0,1,0,0
0,0,0,1,1,1,0,0,0,0,0,1,0,0,1,1,1,0,1,1,0,0,0,1,0,0
0,0,1,0,0,0,0,0,0,1,1,0,0,1,0,0,0,0,0,0,0,0,0,0,1,0
0,0,0,0,0,0,0,0,0,0,1,0,0,0,0,1,0,0,0,0,0,0,0,0,1,0
1,0,0,1,1,0,0,0,0,0,1,1,0,1,0,1,1,1,1,1,0,0,1,1,0,0
1,1,1,1,1,1,1,0,0,1,1,1,0,1,0,1,1,1,1,1,1,0,0,1,1,0
1,0,0,1,0,1,1,1,0,0,1,0,0,1,1,1,1,1,1,1,1,1,0,1,1,0
0,0,0,0,1,1,1,1,0,0,0,0,0,1,0,1,0,1,1,1,1,1,0,1,1,0
0,1,0,1,0,1,1,0,1,1,0,1,0,1,1,1,1,1,1,1,1,1,0,1,1,0
1,1,0,1,0,1,1,1,0,0,1,0,1,1,1,0,1,1,1,1,0,0,0,0,1,0
0,0,0,1,1,1,1,0,0,1,1,0,0,0,1,1,0,0,1,1,0,1,0,1,0,1
1,1,1,1,1,1,1,1,1,0,1,1,1,1,1,1,1,0,1,1,1,1,0,1,1,1
1,1,1,1,1,1,1,1,0,1,1,1,0,1,1,1,1,1,1,1,1,1,1,1,1,0
1,0,1,1,1,1,1,0,1,1,1,0,0,1,1,1,1,1,1,1,1,0,1,1,0,1
0,1,1,1,0,0,0,1,0,1,1,0,0,1,1,1,1,0,1,1,1,1,0,1,1,0
1,1,0,1,1,1,1,1,1,1,1,0,1,0,0,1,1,1,1,0,1,0,0,0,1,0
1,1,0,0,0,1,0,0,0,1,1,0,0,0,0,0,1,1,1,1,0,0,0,1,1,1
1,1,0,0,0,1,0,1,1,0,1,0,0,1,0,0,0,0,1,1,0,0,1,1,0,0
0,0,0,0,0,1,0,0,0,1,1,0,0,0,0,1,1,0,0,0,0,0,0,0,0,0
0,0,0,0,0,0,0,0,0,0,0,0,0,0,0,1,1,1,1,0,0,0,0,0,0,0
1,0,1,1,0,1,1,0,0,1,1,1,0,1,1,1,1,0,1,1,0,0,1,1,1,0
0,0,0,0,0,1,0,1,0,0,1,0,0,0,0,0,1,1,0,1,0,0,0,1,0,0
1,1,1,1,1,1,0,0,1,1,1,1,0,1,1,0,1,1,0,1,1,1,0,1,0,0
1,0,0,0,0,0,0,0,0,0,0,0,0,0,0,1,1,1,0,1,0,0,0,1,0,0
1,0,0,1,0,0,0,0,0,0,0,0,0,0,1,1,0,1,1,0,0,0,0,0,0,0
1,0,0,0,0,0,0,0,0,1,0,0,0,1,0,0,1,1,1,1,0,0,0,1,0,0
0,0,0,0,0,1,0,0,0,0,0,0,0,0,0,0,1,1,0,0,0,0,0,0,0,0
1,1,0,1,0,1,0,1,0,1,1,1,0,1,0,1,1,1,1,0,0,0,0,1,0,0
1,0,1,1,0,1,0,0,0,0,0,0,0,0,1,0,0,0,1,0,0,0,0,0,0,0
1,1,1,1,1,1,0,1,1,1,1,1,0,1,1,1,1,1,1,1,1,1,1,1,1,0
1,0,0,0,1,1,0,1,0,1,0,0,0,1,1,1,1,1,1,1,1,1,1,1,1,0
1,1,0,1,1,0,0,1,0,0,1,1,0,1,1,1,0,1,1,1,1,0,0,1,1,0
1,1,0,1,0,0,0,0,0,0,0,0,0,1,0,1,1,0,1,1,1,0,0,1,1,0
1,0,0,1,1,1,0,0,0,0,1,1,0,1,0,1,1,0,1,0,1,0,0,0,0,0
0,0,0,1,0,1,1,0,0,0,0,0,0,0,0,0,1,0,0,1,1,0,0,1,0,0
1,0,0,1,0,1,0,0,0,0,0,0,0,1,0,0,1,0,1,0,0,0,0,0,0,0
0,1,1,1,1,1,0,0,0,1,1,1,0,1,1,1,1,0,1,1,1,1,1,1,0,0
0,1,0,1,0,1,1,0,0,0,1,0,0,0,1,1,1,1,1,1,1,1,0,1,1,0
0,1,0,1,1,1,1,1,1,0,1,1,0,1,1,1,1,1,1,1,1,0,0,1,1,1
1,1,0,1,0,1,0,0,0,1,1,0,0,1,0,1,1,1,1,1,1,1,0,1,1,0
1,1,0,1,1,1,1,1,0,1,1,1,1,1,0,1,1,1,1,1,1,1,0,1,1,1
1,1,0,1,1,1,1,1,1,1,1,0,0,1,1,1,1,1,1,1,1,1,1,1,1,0
0,0,0,1,1,1,0,0,1,1,1,1,0,1,1,1,1,0,1,1,1,0,0,0,0,0
0,0,0,1,1,1,0,1,0,0,1,0,0,1,0,1,1,0,1,1,0,0,0,1,1,0
1,1,1,1,1,1,0,1,0,0,1,0,0,1,1,1,1,1,1,1,1,0,1,1,0,0
0,0,0,0,0,1,0,0,0,0,1,0,1,0,1,1,1,0,1,1,1,1,1,1,1,1
0,1,0,1,1,1,1,1,0,1,1,0,0,1,1,1,1,1,1,1,1,0,1,1,1,0
0,0,0,0,0,1,0,0,0,0,1,0,0,1,0,1,1,0,1,1,1,0,0,1,0,0
0,0,0,0,0,1,0,0,0,0,1,0,1,0,0,1,1,1,1,0,1,0,1,1,1,0
0,0,1,1,1,1,0,0,0,0,1,0,0,0,1,1,1,1,1,1,1,1,1,1,1,0
1,0,0,1,0,0,0,0,0,0,0,0,0,0,0,1,0,0,1,1,0,0,0,0,0,0
1,1,0,1,1,1,1,0,0,1,0,1,0,1,1,1,1,1,1,1,1,0,1,1,0,0
1,1,1,1,1,1,0,1,0,1,1,1,0,1,1,1,1,0,1,1,1,1,1,1,1,0
1,1,1,1,0,1,1,0,0,0,1,0,0,1,1,1,1,0,1,1,1,1,1,1,1,0
0,0,0,1,1,1,0,0,0,0,1,0,0,0,0,1,1,1,1,1,0,0,0,1,0,0
1,1,1,1,1,1,0,0,1,1,1,1,0,1,1,1,1,1,1,1,1,1,1,1,1,0
0,1,0,1,0,1,1,1,0,1,1,0,0,1,1,1,1,1,1,1,1,0,0,0,1,1
0,0,0,1,0,1,0,1,0,1,0,0,0,1,1,1,1,1,0,1,0,1,0,1,0,0
1,0,0,1,1,1,1,1,1,1,1,1,1,1,1,1,1,1,1,1,1,1,1,1,1,0
1,1,0,1,1,1,0,0,1,1,0,0,1,1,1,1,1,1,1,1,1,1,1,1,1,1
0,0,0,1,1,1,0,1,0,0,1,1,0,1,1,1,1,1,1,0,1,1,1,1,1,1
1,0,1,1,0,1,1,1,0,1,1,0,0,1,1,1,1,1,1,1,1,1,1,1,1,1
1,1,1,1,1,1,1,0,0,0,1,0,1,0,1,1,1,1,1,0,1,0,0,0,0,0
1,0,0,1,0,1,1,0,1,0,1,0,0,1,1,1,1,1,0,1,0,1,0,1,0,1
1,0,1,1,1,1,1,0,1,0,1,0,0,1,0,1,1,1,1,1,0,0,0,1,0,0
0,0,0,1,0,1,1,0,0,0,0,0,0,1,1,0,0,1,1,1,0,0,0,1,0,0
0,0,0,0,0,1,0,1,0,0,0,0,0,1,0,0,1,1,0,0,0,0,0,0,0,0
1,1,0,1,1,0,1,0,0,1,1,0,0,1,1,1,1,1,1,1,1,1,1,1,1,0
0,0,0,0,0,1,0,1,1,0,1,0,0,1,1,0,1,1,0,1,1,0,0,1,1,0
0,1,0,1,1,1,0,1,1,0,0,1,0,1,1,1,0,0,1,0,0,0,0,0,1,0
1,1,1,1,1,1,0,0,0,0,1,1,0,1,0,1,1,1,0,1,0,0,1,1,0,0
0,1,0,1,0,0,0,0,0,0,1,0,0,1,1,1,0,1,1,1,0,1,0,1,0,0
0,1,0,1,1,1,0,1,0,1,0,0,0,1,1,1,1,1,1,1,1,0,1,1,1,1
1,1,1,1,1,1,1,1,1,1,1,1,0,0,1,1,1,1,1,1,1,1,1,1,1,1
1,1,1,1,1,1,1,0,0,0,1,1,0,1,0,1,1,1,1,0,1,0,0,0,1,0
0,1,0,0,1,1,1,1,1,1,1,1,0,1,1,1,1,1,1,1,1,1,1,1,0,1
1,1,1,1,1,1,1,1,1,0,1,1,0,1,1,1,1,1,1,1,1,1,1,1,1,1
1,1,1,1,0,1,1,1,0,1,1,0,0,1,1,1,1,1,1,1,1,1,1,1,1,1
0,0,0,1,0,0,1,0,0,0,1,0,0,1,0,0,1,0,0,1,0,0,0,0,0,0
1,0,0,0,0,0,0,0,0,0,0,0,1,1,0,1,0,0,1,1,0,0,0,1,0,0
1,0,0,1,1,0,0,1,0,1,1,0,1,0,0,1,1,1,0,1,0,0,0,0,0,0
1,0,0,0,0,1,0,0,0,0,0,0,0,1,0,0,0,1,1,1,0,0,0,1,1,0
1,0,0,0,1,1,0,1,0,0,1,0,0,1,0,1,1,1,1,1,0,0,1,1,1,0
1,1,0,1,1,1,0,1,0,0,1,1,0,0,1,1,1,0,1,1,1,1,0,0,1,0
0,1,0,1,0,0,0,0,0,0,0,0,0,1,0,1,1,1,0,1,0,0,0,0,0,1
1,1,0,1,1,0,0,0,0,1,0,0,0,0,0,1,0,0,1,1,0,0,0,0,0,0
0,1,1,1,0,1,1,1,1,0,1,0,0,1,0,0,1,1,1,1,1,1,1,1,0,0
1,0,0,1,1,1,0,1,0,0,1,0,0,0,0,1,0,1,0,0,0,0,0,1,0,0
0,1,0,1,1,1,0,0,0,1,1,0,0,1,0,0,0,1,1,1,0,0,0,1,0,0
0,0,0,0,0,0,0,1,0,0,0,0,0,0,0,0,1,1,1,0,0,0,0,0,0,0
1,1,0,1,1,1,1,0,0,0,1,1,0,1,1,1,1,1,1,0,1,1,0,0,0,0
0,0,0,0,1,1,0,0,0,1,0,0,0,0,1,1,0,0,0,0,0,0,0,0,1,0
0,0,0,0,0,0,0,0,0,0,0,0,0,0,0,0,1,0,1,0,0,0,0,0,0,0
1,0,1,0,0,0,1,0,0,0,0,0,0,0,0,1,1,0,1,0,0,0,0,0,0,0
0,0,0,0,0,0,1,1,1,1,0,0,0,0,0,1,0,1,0,1,0,0,0,0,1,1
1,0,0,1,1,1,0,1,0,0,0,0,0,0,0,1,1,1,0,1,0,0,0,1,0,0
0,1,0,1,1,0,0,1,0,0,0,0,0,1,0,0,0,0,0,1,0,0,0,0,0,0
1,0,0,0,0,0,0,0,0,0,0,0,0,0,0,1,0,0,0,0,0,0,0,0,0,0
0,1,0,1,0,0,0,0,0,0,1,1,0,0,0,1,1,0,1,0,0,0,0,0,0,0
0,0,0,0,0,0,0,0,0,0,0,0,0,0,0,0,1,0,0,0,0,0,0,0,0,0
0,0,0,0,0,1,0,0,0,0,0,0,0,1,0,1,1,0,0,0,0,0,0,1,0,0
0,0,0,1,1,0,0,0,0,0,0,0,0,1,0,0,1,0,0,1,1,0,0,0,0,0
0,0,0,0,0,0,0,0,0,0,0,0,0,0,0,0,0,0,0,0,0,0,0,1,0,0
0,0,0,1,0,0,0,1,0,1,1,0,0,0,0,1,0,0,1,0,0,0,0,1,0,0
0,0,0,0,0,0,0,0,0,1,0,0,0,0,0,1,1,0,1,0,0,0,0,1,0,0
0,0,0,0,0,0,0,1,0,1,0,0,0,0,0,1,0,1,0,1,0,0,0,0,0,0
1,0,0,1,0,1,0,1,0,1,1,1,0,1,1,1,1,0,1,1,0,0,0,1,1,1
1,1,1,1,1,1,1,0,0,1,0,1,0,1,1,1,1,0,1,0,0,1,0,1,0,0
1,1,0,1,1,0,0,0,0,0,0,0,0,0,0,1,0,1,0,0,0,0,0,0,0,0
1,0,0,1,1,1,0,1,1,1,1,0,0,0,1,1,1,0,0,1,1,0,0,0,0,0
1,1,0,0,0,1,0,1,0,0,0,0,0,0,0,1,1,1,1,1,0,0,0,0,0,0
1,1,1,1,1,1,1,0,0,1,1,0,0,1,1,1,1,1,1,1,1,1,1,1,1,1
0,1,1,1,1,1,1,1,0,0,1,0,0,1,1,1,1,1,1,1,1,0,1,0,1,1
1,1,1,1,1,1,1,0,0,0,1,0,0,1,0,1,1,1,1,0,0,0,0,0,0,0
1,0,1,1,1,1,1,0,0,0,1,1,0,1,1,1,1,1,1,1,1,0,0,1,1,1
1,1,1,1,1,1,1,1,0,0,1,1,0,1,1,1,1,1,1,1,1,1,1,1,1,0
1,1,0,1,0,1,1,0,1,0,1,0,0,0,0,1,0,1,1,0,1,0,0,1,0,0
1,1,1,1,1,1,1,1,1,0,1,1,0,1,1,1,1,1,1,0,0,1,1,1,1,1
1,1,0,1,1,1,0,1,0,1,1,1,0,1,1,1,1,1,1,0,1,0,0,1,1,1
1,0,0,1,0,1,0,0,1,1,1,0,0,0,1,1,1,0,1,1,0,1,1,1,1,0
1,1,1,1,1,1,1,0,1,0,1,1,0,1,1,1,1,1,0,1,1,1,1,1,1,1
0,0,0,0,0,1,1,1,0,1,1,1,0,0,1,1,1,0,1,1,1,1,1,1,1,0
0,1,1,1,1,1,1,0,0,1,1,0,0,1,1,1,1,1,1,1,1,0,0,1,1,0
1,1,0,1,1,1,1,0,0,1,1,1,0,1,0,1,1,1,0,0,1,0,0,0,0,0
0,0,0,0,0,1,1,1,0,0,1,1,0,1,1,1,1,1,1,1,1,1,0,1,0,1
1,1,0,1,1,1,1,1,1,1,1,1,0,0,1,1,1,1,1,1,0,1,1,1,1,1
1,0,0,1,1,1,0,1,0,1,0,0,0,0,0,1,0,1,0,1,0,0,0,1,0,0
1,1,0,1,1,0,1,0,0,0,0,0,0,1,0,1,1,0,0,1,0,0,0,1,0,0
1,0,0,0,1,0,0,1,0,0,1,0,0,0,0,0,0,1,1,0,0,0,1,0,0,0
1,0,0,0,0,0,0,0,0,0,0,0,0,1,0,1,1,1,0,1,0,0,0,1,1,0
1,0,0,0,1,0,0,0,0,0,0,0,0,0,1,0,0,0,0,0,0,0,0,0,0,0
1,0,0,1,1,1,1,0,1,0,1,1,0,1,1,1,1,1,1,0,0,0,0,0,1,0
0,0,0,0,0,1,1,0,0,1,1,1,0,1,0,1,0,1,1,1,1,0,0,1,0,0
0,0,0,0,0,1,0,0,0,0,0,0,0,1,0,0,0,0,0,0,1,0,0,1,0,0
0,0,0,0,0,0,0,1,0,0,0,0,0,1,0,1,0,1,0,1,0,0,0,0,0,0
1,0,0,1,0,1,0,0,1,0,1,1,0,1,0,0,1,1,1,1,1,0,0,0,0,0
0,0,0,1,1,1,0,1,0,0,1,0,0,1,0,0,1,0,1,0,1,0,0,0,0,0
1,1,0,1,1,1,0,0,0,0,1,0,0,0,0,1,1,0,1,1,0,0,0,1,0,0
1,0,0,1,0,0,0,1,0,0,0,0,0,0,0,0,0,0,1,1,1,0,0,1,0,0
1,1,0,1,0,1,0,1,0,0,1,0,0,1,0,0,1,1,1,0,1,1,0,0,1,0
1,1,0,1,0,1,1,0,0,1,0,0,0,1,1,1,1,1,0,1,1,0,1,1,0,0
1,1,0,1,1,1,0,0,0,1,0,0,0,0,1,0,1,0,0,0,0,0,0,1,0,0
1,1,1,1,1,1,1,1,0,0,1,1,0,1,1,1,1,0,1,1,1,1,1,1,1,1
0,1,1,1,1,1,1,1,1,1,1,0,0,1,1,1,1,1,1,1,1,1,1,1,1,1
1,1,1,1,1,1,0,0,0,1,1,1,0,0,1,1,1,1,0,1,1,1,1,1,1,0
0,1,0,1,1,1,0,1,0,0,0,0,0,0,0,1,1,1,1,1,1,0,0,0,1,0
1,1,1,1,1,1,1,0,1,1,1,0,0,0,1,1,1,1,1,1,0,0,1,1,1,0
1,1,1,1,1,0,0,0,0,0,1,0,0,1,0,1,0,1,1,1,0,0,0,0,0,0
1,0,0,0,0,0,0,0,0,0,1,0,0,0,1,0,1,1,0,1,1,0,0,0,0,0
0,0,0,0,0,0,0,0,0,0,1,0,0,0,1,1,1,1,0,0,1,0,0,0,0,0
1,0,0,0,0,1,0,1,0,1,1,0,0,0,0,1,1,1,1,1,1,0,0,1,0,0
0,0,0,1,1,1,0,1,0,0,0,0,0,0,0,1,1,0,0,1,0,0,0,0,0,0
0,0,0,0,0,0,0,0,0,0,0,0,0,0,0,1,1,1,1,1,0,0,0,0,0,0
1,1,0,1,1,1,1,1,1,1,1,1,0,1,0,1,1,1,0,1,1,0,0,0,1,0
0,0,0,0,0,1,1,0,0,1,0,0,0,0,0,1,1,1,1,1,0,1,0,0,0,1
0,0,1,1,1,1,0,0,1,1,1,1,0,1,1,0,1,1,1,1,0,1,1,1,1,0
0,1,1,1,1,1,0,0,0,1,1,1,0,1,1,1,1,1,1,1,1,1,1,1,1,0
1,1,1,1,1,1,1,0,0,1,1,0,0,0,1,1,1,1,1,1,1,1,1,1,1,0
0,0,0,0,0,0,0,0,0,1,1,0,0,0,0,0,0,0,1,0,0,0,0,0,0,0
1,1,1,1,1,1,0,1,0,0,0,0,0,1,1,0,0,1,0,1,1,0,0,1,0,0
1,0,1,1,0,1,1,1,1,1,0,0,0,1,0,1,1,0,1,1,0,0,0,1,1,0
0,0,0,0,0,1,0,1,0,0,0,0,0,0,0,0,0,0,1,1,0,0,0,1,1,0
1,0,1,1,1,0,1,1,0,0,0,0,0,0,0,1,1,0,0,1,0,1,1,1,0,0
0,0,0,0,0,1,0,0,0,0,0,0,0,0,0,1,1,1,1,1,0,0,0,0,0,0
1,0,0,1,0,0,0,0,0,0,0,0,0,1,0,1,0,0,0,0,0,0,0,0,0,0
1,0,0,1,0,1,1,1,0,1,1,0,0,1,1,1,1,1,1,1,0,1,0,1,0,0
0,0,0,1,0,1,1,1,0,1,0,0,0,0,0,0,0,0,0,0,0,0,0,0,0,0
0,1,0,0,1,1,0,0,0,0,0,0,0,1,0,1,1,0,1,1,0,0,0,0,0,0
1,0,0,0,0,1,1,0,0,0,1,0,0,0,1,1,1,1,0,1,1,0,0,1,0,0
1,0,0,1,0,1,1,1,0,0,1,0,0,1,1,1,1,1,1,1,1,0,0,1,0,0
1,1,0,1,1,1,1,0,0,1,0,0,0,1,1,1,1,0,1,1,1,1,0,1,1,0
0,0,1,1,1,1,0,0,0,1,0,0,0,1,1,1,1,0,1,0,1,0,1,1,1,0
0,0,0,0,0,0,1,0,1,1,0,0,0,0,0,1,1,0,1,1,0,0,0,0,0,0
1,1,1,1,1,1,0,0,0,1,0,0,1,1,0,1,1,0,1,0,0,0,0,0,0,1
1,1,1,1,1,1,1,1,1,1,1,1,0,0,0,1,1,1,1,1,1,1,0,1,1,0
1,0,1,1,1,1,0,1,1,0,1,0,0,1,0,1,0,0,0,1,1,0,0,0,0,1
0,0,0,0,0,0,0,0,1,0,0,0,0,0,0,1,1,1,0,0,1,0,0,0,0,0
1,1,1,1,1,0,0,1,0,0,0,0,0,1,0,1,1,0,0,1,1,0,0,1,0,0
1,1,1,1,0,1,1,1,0,0,0,0,0,1,0,1,1,1,1,1,1,1,1,1,0,0
1,1,0,1,0,1,1,1,1,1,1,1,1,1,1,1,1,1,1,1,1,1,1,1,1,1
1,0,1,1,1,0,1,1,1,1,1,0,0,1,1,1,1,1,1,1,0,1,0,1,1,1
1,1,0,1,1,0,1,0,0,0,0,0,0,1,1,0,0,1,0,1,0,1,0,1,0,0
1,1,0,1,0,1,0,1,0,0,1,1,0,1,1,1,1,1,1,0,0,0,0,1,0,1
1,0,1,1,1,0,0,1,0,1,1,1,0,1,0,1,1,1,1,1,0,0,0,1,0,0
1,1,0,1,1,1,0,1,0,1,1,0,0,1,0,1,0,0,1,0,1,0,0,1,0,1
1,0,0,1,1,1,0,0,0,0,1,0,0,1,1,1,1,1,1,1,0,0,0,1,1,0
0,0,1,1,0,0,1,1,0,1,0,1,0,1,1,0,0,1,1,0,1,0,0,1,1,0
1,1,0,1,1,1,0,0,0,0,0,0,0,0,0,0,1,0,1,0,0,0,0,0,0,0
0,0,0,1,1,1,0,1,0,0,0,0,0,1,1,1,1,1,1,1,0,1,1,0,0,1
1,0,0,0,0,0,0,0,0,0,0,0,0,1,0,1,0,1,1,0,1,0,0,1,0,0
0,1,1,1,1,1,1,1,0,1,1,1,0,1,1,0,1,1,1,1,1,1,0,1,1,0
1,0,0,1,0,1,0,0,0,0,0,0,0,0,1,1,1,0,1,1,1,0,0,1,0,1
0,0,1,1,1,1,0,1,1,1,0,0,0,1,0,1,1,0,0,1,1,0,0,1,0,0
0,0,0,0,0,1,0,1,1,0,1,0,0,0,0,1,1,0,0,1,0,1,1,1,1,1
1,0,0,1,1,0,1,0,1,0,1,0,0,1,1,1,1,1,1,1,0,1,1,1,0,0
1,1,1,1,1,1,1,1,1,0,0,1,0,1,0,1,1,0,1,1,0,0,0,1,1,0
1,1,0,0,0,1,1,1,1,1,0,1,0,0,0,1,1,1,1,1,1,1,0,1,1,1
1,1,0,1,0,1,1,0,1,1,1,1,1,1,1,1,1,1,1,1,1,0,0,0,0,0
1,0,0,1,0,1,1,1,1,1,1,1,0,1,1,1,1,1,1,1,0,1,1,1,0,0
0,1,0,1,0,1,1,1,1,0,1,1,0,1,1,1,1,1,1,1,0,1,1,1,1,0
0,0,0,1,0,1,0,0,0,1,1,0,0,0,0,1,1,0,1,1,1,0,1,1,1,0
1,1,1,1,1,1,1,1,0,0,1,0,1,1,1,1,1,1,1,1,0,1,1,1,1,1
1,1,1,0,1,1,1,0,1,1,0,1,0,1,1,0,1,1,1,1,1,1,0,1,1,0
1,1,1,1,1,1,1,1,1,1,1,0,0,1,1,1,1,1,1,1,1,1,1,1,1,0
0,1,1,1,1,1,1,1,0,0,0,1,0,1,1,1,1,1,0,1,1,1,1,1,1,0
1,1,1,1,1,1,1,1,0,1,1,0,0,1,1,1,1,1,1,1,1,0,1,1,1,1
1,1,1,1,1,1,1,1,1,1,1,1,0,1,1,1,1,1,1,1,0,1,0,0,1,1
1,1,1,1,1,1,0,1,0,1,1,0,0,1,1,1,1,1,1,1,1,1,1,1,1,0
1,1,1,1,0,1,0,0,0,1,1,1,0,0,1,1,1,1,1,1,1,1,1,0,1,0
1,1,1,1,1,1,1,1,0,1,1,1,1,0,1,1,1,1,1,1,1,1,0,1,1,1
1,1,1,1,1,1,0,0,1,1,1,1,1,1,1,1,1,1,1,1,1,1,1,1,0,1
1,1,1,1,1,1,0,1,0,0,1,0,0,1,0,1,1,1,0,1,1,0,0,1,1,1
1,1,1,1,1,1,1,1,0,1,1,1,0,1,1,1,1,1,1,1,1,1,1,1,1,1
1,1,1,1,1,1,1,1,0,1,1,1,1,1,1,1,1,1,1,1,0,1,0,1,1,0
0,1,1,1,1,1,0,1,0,1,1,1,0,1,1,1,1,1,1,1,1,1,1,1,1,1
1,0,1,1,1,1,0,1,0,0,1,0,1,1,1,1,1,0,1,1,1,0,0,1,0,1
1,1,1,1,1,0,0,1,0,0,1,1,0,1,0,1,1,1,1,1,1,0,0,0,1,0
1,1,1,1,1,1,1,1,1,1,1,1,1,1,1,1,1,1,1,1,1,1,1,1,1,1
0,1,0,1,1,1,1,1,0,0,1,1,0,0,1,1,1,0,1,0,1,0,1,0,1,0
0,1,1,1,0,1,1,1,0,1,1,0,0,1,1,1,1,1,1,1,1,0,0,1,1,1
1,1,0,1,1,1,1,1,1,1,1,0,1,1,1,1,1,1,1,1,1,1,0,1,1,0
1,1,0,1,1,1,1,1,1,1,1,0,0,0,1,1,0,1,0,1,0,1,1,1,0,0
1,1,1,1,1,1,1,1,1,1,1,1,0,1,1,1,1,1,1,1,0,1,1,1,1,1
0,1,0,1,1,1,1,1,0,0,0,1,0,0,1,1,1,1,1,1,1,1,0,1,1,0
0,0,0,0,0,1,1,1,0,0,1,1,1,0,0,1,1,1,1,0,0,0,0,0,0,0
1,1,0,1,0,0,0,0,0,0,1,0,0,1,0,1,1,1,1,1,0,0,0,1,0,0
1,1,0,0,0,0,0,1,0,0,0,0,0,1,0,0,1,1,0,1,1,0,0,1,0,0
1,0,1,1,0,1,0,0,0,0,1,0,0,1,1,1,1,1,0,1,0,0,0,0,1,0
1,1,1,1,0,0,0,1,0,1,0,0,0,1,1,1,1,1,1,1,1,1,0,1,0,0
1,1,1,1,0,1,0,0,0,1,0,0,0,1,1,1,1,1,1,1,1,0,1,1,0,0
0,0,1,1,1,0,1,1,0,0,0,1,0,1,0,0,1,1,1,1,1,1,0,0,1,0
0,0,0,1,0,0,0,0,0,1,0,0,0,0,0,0,1,0,0,1,0,0,0,0,0,0
1,0,0,0,0,1,0,0,0,0,1,0,0,1,0,0,1,0,1,0,0,0,0,0,0,0
0,1,0,0,0,0,0,0,0,1,0,0,0,1,1,0,0,0,1,0,0,0,0,1,0,0
0,0,0,1,1,1,0,0,1,0,1,0,0,1,0,1,1,0,1,0,0,0,0,0,0,0
0,1,1,1,1,1,1,0,1,1,1,1,1,1,1,1,1,1,1,1,0,1,0,1,1,0
1,1,0,1,0,1,0,0,0,0,1,0,0,0,1,1,0,0,1,1,0,0,0,0,0,0
0,0,0,0,1,0,0,0,0,0,1,0,0,0,0,0,1,1,1,0,0,0,0,0,0,0
0,0,0,0,0,0,0,0,0,0,0,0,0,0,0,0,0,0,0,0,0,0,0,0,0,0
0,0,0,0,1,0,0,1,0,0,1,0,0,1,0,0,0,1,0,1,1,0,0,1,0,0
0,0,0,0,0,1,0,1,0,1,0,0,0,0,0,1,0,0,1,0,0,0,0,1,0,0
0,1,0,1,0,0,0,0,1,0,0,0,0,1,0,1,0,0,0,1,1,0,0,1,0,0
0,1,0,1,1,1,0,1,1,0,0,0,0,1,1,1,0,0,0,1,0,0,0,1,0,0
1,0,0,1,0,0,1,1,0,1,1,0,0,1,1,1,1,1,1,0,1,0,0,0,1,0
1,1,1,1,1,1,0,0,0,0,0,1,0,1,1,1,1,1,1,1,0,0,1,1,1,0
0,0,0,0,0,0,0,0,0,0,0,0,0,0,0,0,1,0,1,1,0,0,0,0,0,0
0,0,1,1,0,1,0,1,1,0,1,0,0,1,0,1,1,0,0,1,1,0,1,1,0,0
0,0,0,1,0,0,0,1,0,0,0,0,0,0,0,1,1,0,0,0,0,0,0,0,0,0
1,0,0,0,0,0,0,1,0,1,0,0,1,0,1,1,1,1,1,0,0,0,0,0,0,0
0,0,0,0,0,0,0,0,0,1,0,0,0,1,0,1,1,0,1,0,0,0,0,1,0,0
1,0,0,0,0,1,0,0,0,1,1,0,0,0,0,1,1,1,1,0,0,0,0,1,0,0
0,0,0,0,0,0,0,1,0,0,0,0,0,0,0,1,0,0,1,0,0,0,0,0,0,0
1,0,0,1,1,1,0,0,1,0,1,0,0,1,1,1,1,0,1,1,1,0,0,1,1,1
1,1,0,1,1,0,1,1,1,0,1,0,0,1,1,1,0,0,1,1,1,0,0,0,0,0
1,1,1,0,1,1,0,0,0,0,0,1,0,0,1,0,0,0,0,0,0,0,0,0,0,0
0,0,0,0,0,0,0,0,0,0,0,0,0,0,0,0,0,0,0,0,0,0,0,0,0,0
0,0,0,0,0,0,0,1,0,0,0,0,0,0,1,1,0,0,0,0,0,0,0,1,0,0
0,0,0,0,0,0,0,1,0,0,0,0,0,0,0,0,0,0,0,0,0,0,0,0,0,0
0,0,0,0,1,0,0,0,0,0,0,0,0,0,0,0,0,0,0,0,0,0,0,0,0,0
0,0,0,0,1,0,0,1,0,0,0,0,0,0,0,0,0,0,1,1,0,0,0,0,0,0
0,0,0,1,0,1,0,1,0,0,0,0,0,0,0,0,0,0,0,0,0,0,0,1,0,0
0,0,0,0,0,0,0,0,0,0,1,0,0,0,0,0,1,1,1,0,0,0,0,0,0,0
1,0,1,1,1,1,0,0,0,0,1,1,0,1,1,1,1,0,1,0,0,0,0,0,0,0
0,0,0,0,0,0,0,0,0,0,0,0,0,0,0,0,0,0,0,0,0,0,0,1,0,0
1,0,0,1,1,0,0,0,0,0,1,0,0,1,1,0,0,0,0,1,0,0,0,0,0,0
1,0,0,0,0,1,0,1,0,0,1,0,0,0,0,1,1,0,1,1,0,0,0,0,0,0
1,0,0,1,1,0,0,0,0,0,1,0,0,1,0,1,0,0,0,1,0,0,0,0,0,0
0,0,0,0,0,0,1,0,1,1,1,0,0,1,0,1,1,0,1,0,0,0,0,0,0,0
1,1,0,0,1,0,0,0,0,0,0,0,0,1,0,0,1,0,1,0,0,0,0,0,0,0
1,1,1,1,0,1,1,1,0,0,1,0,0,1,1,1,1,1,1,1,1,1,0,1,0,0
1,1,1,1,1,1,1,1,1,1,0,1,1,1,1,1,1,0,1,1,1,0,1,1,1,0
1,0,0,1,0,1,1,1,0,0,0,1,0,1,1,1,0,0,1,1,1,1,0,1,0,0
1,1,0,1,0,1,0,0,1,0,1,0,0,1,1,1,1,0,1,1,1,1,0,1,1,0
1,0,1,1,0,1,0,0,0,1,0,0,0,1,0,1,0,1,0,0,0,0,0,0,0,0
1,1,0,1,1,1,1,1,0,1,1,0,0,1,1,1,1,0,1,1,1,1,1,1,1,1
1,1,0,0,0,1,1,1,1,0,1,0,0,0,0,1,1,0,1,1,1,1,0,1,1,0
1,0,0,1,1,1,1,1,1,1,1,1,1,1,1,1,1,1,1,1,1,1,1,1,0,0
1,1,1,1,0,1,1,0,1,1,1,0,0,1,0,1,1,1,1,1,1,0,1,1,1,0
1,0,0,1,1,1,0,0,0,1,1,1,1,0,1,1,1,1,1,1,1,0,0,1,1,0
1,1,0,1,0,1,1,0,1,0,1,0,0,1,1,1,1,0,1,1,0,0,0,1,1,0
0,1,1,1,0,1,0,1,0,0,0,0,0,0,1,1,1,1,1,0,0,0,0,0,1,0
1,0,1,1,1,1,1,1,0,0,1,1,0,1,1,1,1,1,1,1,1,1,0,1,0,0
1,1,0,1,1,1,0,0,0,0,0,0,0,0,1,1,1,1,1,1,1,1,1,1,0,0
0,0,0,0,0,1,1,1,0,0,0,0,0,0,0,1,1,0,0,1,0,0,0,0,1,0
1,1,1,1,1,1,0,1,0,1,1,1,1,1,1,1,1,1,1,1,1,0,1,1,1,0
0,0,0,0,0,0,0,0,0,0,0,0,0,0,0,0,0,0,0,0,0,0,0,0,0,0
0,0,0,0,1,1,1,1,1,0,0,0,1,1,1,1,1,1,1,1,1,0,1,1,0,0
0,0,0,0,0,0,1,1,1,1,1,0,0,0,1,1,1,1,0,1,1,0,0,0,1,0
0,0,0,1,0,1,0,0,1,1,1,0,0,1,0,1,1,1,1,1,1,0,0,1,1,0
0,0,0,1,0,0,0,1,0,1,1,0,1,0,0,0,0,0,1,1,0,0,0,1,0,0
0,1,0,1,1,0,1,1,1,0,1,0,0,0,0,0,1,1,1,0,0,0,1,1,1,0
0,0,1,1,0,0,0,0,0,0,0,0,0,0,0,0,1,1,0,1,0,1,0,0,0,0
0,0,1,1,0,0,0,0,0,0,0,0,0,0,0,0,1,1,1,1,0,0,0,1,0,0
0,0,0,0,0,1,0,0,0,0,0,0,0,0,0,0,0,0,0,0,0,0,0,0,0,0
0,0,0,1,0,1,0,1,0,0,1,0,0,1,0,1,1,0,1,0,0,0,0,0,0,0
0,0,1,1,1,1,1,1,0,0,1,0,0,1,0,1,0,0,0,0,1,0,1,0,0,0
0,1,0,1,1,1,1,1,1,0,0,0,0,0,0,1,0,1,1,1,0,0,0,0,0,0
0,0,0,1,0,0,0,0,0,0,0,0,0,1,0,1,1,0,0,0,0,0,0,1,0,0
0,0,0,0,0,0,1,1,0,0,0,0,0,0,0,1,0,1,0,1,1,0,0,1,0,1
1,0,1,1,0,1,1,0,0,0,1,0,0,1,1,1,1,1,1,1,1,0,0,0,1,0
0,0,0,0,0,0,1,1,0,1,1,0,0,0,0,1,1,1,1,0,0,0,0,0,0,0
1,1,1,1,1,1,0,0,1,1,1,0,0,1,1,0,1,1,1,1,1,0,0,1,0,0
0,1,0,1,0,1,1,1,1,0,0,0,0,1,1,0,1,1,1,1,1,0,0,1,0,0
1,1,1,1,1,1,1,0,1,1,1,1,0,0,1,1,1,1,0,1,1,0,0,0,1,0
1,1,1,1,0,1,1,1,0,0,1,1,1,1,1,1,1,1,1,1,0,1,0,1,1,0
1,1,0,1,0,0,0,1,0,1,0,0,0,1,1,1,0,1,1,0,0,0,0,0,0,0
1,1,1,1,1,0,0,0,0,1,1,1,0,0,1,1,1,0,1,1,0,0,0,0,0,0
0,1,0,1,1,1,1,0,0,0,0,0,0,0,1,1,1,1,1,1,0,0,1,0,0,0
1,0,0,1,1,1,0,1,1,0,1,0,0,1,1,1,1,0,1,1,0,0,0,1,1,0
1,0,0,0,0,1,0,0,0,0,1,0,0,0,0,0,1,0,0,0,1,0,0,0,0,0
0,0,0,0,0,0,0,0,0,0,0,0,0,0,0,1,1,0,1,0,0,0,0,0,0,0
0,0,0,0,0,0,1,0,0,1,0,0,0,1,0,0,0,1,0,0,0,0,0,0,0,0
0,0,0,1,1,1,1,0,1,0,1,0,0,1,0,1,1,1,1,1,1,1,0,1,1,0
1,0,0,0,1,1,0,0,0,0,0,0,0,1,0,1,0,1,0,0,0,0,1,0,0,0
0,0,0,0,0,1,1,0,0,0,0,0,0,1,0,0,0,1,1,1,0,1,0,1,0,0
0,0,0,1,0,1,0,0,0,0,1,1,0,1,0,1,0,1,1,1,0,0,0,0,0,0
0,0,1,1,0,1,1,1,0,1,0,0,0,1,0,1,1,1,1,1,0,0,1,1,0,0
1,0,0,1,0,0,0,0,0,0,0,0,0,0,0,1,0,1,1,1,0,0,0,0,0,0
1,0,0,1,0,0,0,0,0,0,0,0,0,1,0,0,0,0,0,1,0,0,0,0,0,0
1,1,1,1,0,1,0,1,0,0,1,0,0,1,0,1,1,1,1,1,1,0,1,1,0,0
1,1,0,1,1,0,1,1,1,0,0,1,0,1,1,1,0,1,1,1,1,0,1,0,1,0
0,1,0,0,1,1,0,1,0,0,1,0,0,0,0,1,1,0,0,1,1,0,0,1,0,0
1,0,0,1,1,0,1,1,0,0,0,0,0,0,0,0,0,0,0,0,0,0,0,0,0,0
1,1,1,1,1,1,1,0,1,0,1,1,0,1,1,1,1,1,0,1,1,1,0,1,0,1
1,0,0,0,1,0,0,1,0,0,1,0,0,1,1,1,1,0,0,0,1,0,0,0,1,1
1,0,1,1,1,1,0,0,1,1,1,0,0,0,0,1,1,1,1,0,0,0,0,0,0,1
1,0,0,1,1,1,0,1,0,0,0,0,0,0,0,1,0,1,1,1,1,0,0,1,0,0
0,0,0,1,0,1,0,0,0,0,1,0,0,0,1,0,1,1,0,0,0,0,0,0,1,0
0,1,0,1,1,1,1,0,0,1,0,0,0,0,0,1,1,1,0,1,1,0,0,0,0,0
1,1,0,1,0,0,1,0,0,0,1,0,0,0,0,1,1,1,1,0,1,0,0,0,0,0
0,1,0,1,1,0,1,1,0,0,0,1,0,1,0,1,1,1,0,1,0,0,0,1,0,0
1,1,0,1,1,1,1,1,0,0,1,0,0,1,1,1,1,1,1,1,0,1,0,1,1,0
1,0,0,0,0,1,1,0,1,1,1,1,0,0,1,1,1,1,1,1,0,0,1,1,1,0
0,0,0,0,0,1,0,1,0,0,0,0,0,0,0,0,1,0,0,0,0,0,0,0,0,0
1,0,0,0,0,0,0,0,0,0,1,0,0,0,0,0,1,1,1,1,0,0,0,0,0,0
1,1,0,1,0,1,0,0,0,0,0,0,0,0,1,1,0,0,0,0,0,0,1,1,1,1
1,1,1,1,1,1,0,0,1,1,1,0,1,1,1,1,1,1,1,1,1,1,1,1,1,1
1,1,0,1,1,0,0,0,0,0,0,0,0,0,0,1,0,0,0,1,1,0,0,0,0,0
1,0,1,1,0,0,1,0,0,1,1,0,0,1,0,1,1,1,1,1,1,1,0,1,1,0
0,0,0,0,0,1,0,1,0,1,0,0,0,0,0,1,1,1,0,0,0,0,0,1,1,0
0,0,0,0,0,1,1,1,0,0,1,0,0,0,0,1,1,1,1,0,0,0,0,0,1,0
1,1,1,1,0,0,0,0,0,0,1,0,0,0,0,0,0,0,1,0,0,0,0,0,0,0
1,1,1,1,0,1,0,0,0,0,1,1,0,1,1,1,1,1,1,1,1,0,0,0,1,1
1,1,0,1,1,1,1,1,0,1,1,0,0,1,1,1,1,1,1,1,1,1,0,1,1,0
1,1,0,1,1,1,1,1,0,1,1,1,1,1,1,1,1,1,1,1,1,1,0,1,1,0
1,1,0,1,1,1,1,0,1,1,1,1,0,1,1,1,1,1,1,1,1,1,1,1,1,1
1,1,0,0,1,1,1,1,1,1,1,1,0,1,1,1,1,1,1,1,1,0,0,0,0,0
1,1,1,1,1,1,1,1,0,0,1,0,0,1,1,1,1,1,1,1,0,1,0,1,1,1
0,0,0,1,1,1,0,1,0,0,1,0,0,1,1,1,1,1,1,1,0,0,0,1,0,1
0,1,0,1,1,0,0,1,0,0,0,0,0,0,1,0,0,0,0,0,0,0,0,0,0,0
0,0,0,1,0,1,0,1,0,0,0,0,0,0,0,1,1,0,0,1,0,0,0,0,1,0
0,0,0,1,0,0,0,0,0,1,1,0,0,0,0,0,1,0,0,1,0,0,0,0,1,0
0,0,0,1,0,0,1,1,0,1,1,0,0,0,0,0,1,1,1,1,1,0,0,1,0,0
1,0,1,1,0,1,0,1,1,0,0,0,0,1,0,1,1,1,1,1,0,0,0,1,1,0
1,1,1,1,1,1,1,0,0,0,1,0,0,1,1,1,1,1,1,1,1,1,1,1,1,1
1,1,1,1,1,1,0,0,0,0,1,1,1,1,1,1,0,0,1,1,0,1,1,1,1,0
1,1,0,1,0,0,1,0,0,0,1,1,0,1,1,1,0,1,0,0,1,0,1,0,1,0
1,1,1,1,1,1,1,0,1,1,1,0,0,1,1,1,1,1,1,1,0,1,1,1,0,1
0,1,1,1,1,1,0,1,0,0,0,0,0,1,0,0,0,1,1,0,0,0,0,1,0,0
0,0,0,1,0,0,1,0,0,1,1,0,0,0,0,1,1,1,0,1,0,0,0,1,0,0
1,1,1,1,0,0,1,1,0,1,1,1,0,0,1,1,1,0,1,1,0,0,0,0,0,0
0,0,0,0,0,0,0,0,0,0,0,0,0,0,0,1,1,0,0,0,0,0,0,1,0,0
0,1,1,1,1,1,0,1,1,1,1,0,0,1,1,0,1,1,1,1,1,1,0,1,0,1
1,1,0,1,1,1,1,1,1,0,1,0,0,1,1,1,1,1,1,1,0,1,0,0,0,0
0,0,0,1,1,0,0,0,1,1,1,1,1,1,1,1,1,1,1,1,1,1,1,1,0,0
0,1,0,1,1,1,1,1,0,1,1,0,1,0,1,1,1,0,1,1,1,1,0,1,1,0
1,0,0,0,1,1,0,1,1,0,1,0,0,1,1,1,1,1,1,1,0,0,1,0,1,0
1,1,0,0,0,0,0,0,0,0,0,0,0,1,0,0,1,1,1,0,0,0,0,0,0,0
1,0,1,1,0,1,1,1,0,1,0,0,0,1,1,1,1,1,1,1,0,0,0,1,1,0
0,0,0,1,0,1,0,1,1,0,0,0,0,0,0,0,0,0,0,0,0,0,0,1,0,0
1,0,0,1,1,1,0,0,1,1,1,0,0,0,0,0,1,0,0,1,1,1,0,1,0,0
0,0,0,0,0,0,0,0,0,0,0,0,0,0,0,1,1,1,1,0,0,0,0,0,0,0
0,0,0,0,0,0,0,0,0,0,0,0,0,0,0,1,1,0,0,1,0,0,0,1,0,0
1,0,0,1,1,1,0,0,0,0,0,0,0,0,0,1,1,0,1,1,0,0,0,0,0,0
0,0,0,1,0,1,1,1,1,1,1,0,0,0,0,1,0,0,1,0,0,0,0,0,0,0
0,0,0,0,1,0,0,1,0,0,0,0,0,1,0,1,1,1,0,0,0,0,0,0,0,0
1,1,0,1,1,0,0,0,0,0,0,0,0,0,0,1,1,1,0,0,0,0,0,1,1,0
0,0,0,0,0,1,1,0,0,0,0,0,0,0,0,1,1,1,1,1,1,1,1,1,1,0
1,1,0,0,0,1,0,1,1,1,1,0,0,1,0,1,1,1,0,0,0,0,0,1,1,1
0,1,0,1,0,1,1,1,1,0,0,1,0,1,0,1,1,1,1,0,0,0,0,0,0,0
1,1,1,0,1,1,1,0,1,1,1,0,0,0,0,1,1,0,1,1,0,0,1,1,1,0
0,1,0,1,1,1,1,1,0,1,1,0,0,1,1,1,1,0,0,0,1,0,0,0,0,1
0,0,0,1,0,0,1,1,1,0,0,0,0,1,0,1,1,0,1,1,1,1,1,1,1,1
0,0,0,0,0,0,0,0,0,0,0,0,0,0,0,0,0,0,0,0,0,0,0,0,0,0
0,0,0,1,1,1,1,1,0,0,1,0,1,1,1,1,1,1,1,1,1,1,0,1,0,1
1,1,1,1,0,1,0,0,1,0,1,1,1,1,0,1,1,1,1,1,1,1,1,1,1,0
1,1,0,1,1,1,1,0,0,1,1,1,0,1,1,1,1,1,1,1,0,1,0,1,1,1
1,1,1,1,1,1,1,0,0,1,1,1,0,1,1,1,1,1,1,1,1,0,0,1,0,0
1,0,0,0,1,1,1,1,0,0,0,0,0,1,1,0,1,1,1,0,0,0,0,0,0,0
0,0,0,1,0,1,1,0,1,1,1,0,0,0,1,0,1,0,0,1,1,1,0,1,0,1
0,1,1,1,1,1,1,0,0,0,1,1,0,1,1,1,1,1,1,1,1,1,1,1,0,0
1,0,0,1,1,1,1,0,1,1,1,0,0,0,0,1,1,0,1,1,0,0,1,1,0,1
1,0,0,0,0,0,0,0,0,0,0,0,0,0,0,1,0,0,1,0,0,0,0,0,0,0
0,0,0,0,0,0,0,1,0,0,0,0,0,0,0,0,0,0,1,0,0,0,0,0,0,0
1,0,0,1,0,1,0,0,0,0,0,0,0,0,1,1,1,0,0,0,0,0,1,1,0,0
0,0,0,0,0,0,0,1,0,1,1,0,0,1,0,1,0,0,1,0,0,0,0,0,0,0
1,0,0,1,1,1,0,1,0,1,0,0,0,0,1,1,1,0,1,1,0,0,0,0,0,0
0,0,0,0,0,1,0,0,0,0,0,0,0,0,0,1,1,0,1,1,0,0,0,0,1,0
1,1,0,1,0,0,0,0,0,0,1,0,0,0,0,1,1,0,1,0,1,0,0,1,0,0
1,1,0,1,1,1,0,0,1,0,0,1,0,1,1,1,1,1,1,0,1,0,0,0,1,0
1,1,1,1,1,1,1,0,0,1,1,1,0,1,1,1,1,1,1,1,1,1,1,1,1,1
0,0,0,1,1,1,0,1,0,1,1,1,0,1,1,1,1,1,1,1,1,1,1,1,1,0
1,0,0,1,1,1,0,0,0,1,1,0,0,1,1,1,1,1,1,1,1,1,1,1,1,1
0,1,1,0,1,0,1,1,1,1,1,0,0,1,0,1,1,1,1,1,0,1,1,1,1,1
1,1,1,1,1,1,0,0,0,0,1,0,0,0,0,0,1,1,1,1,1,0,0,1,1,0
1,1,1,1,1,1,1,0,0,1,1,0,0,0,0,0,1,1,1,1,1,1,1,1,1,1
1,1,0,1,0,1,1,0,0,0,1,1,1,1,1,1,1,1,1,1,1,1,0,1,1,0
1,1,0,0,1,1,0,1,0,0,0,0,0,0,1,1,1,1,0,0,0,0,0,0,0,0
1,0,0,1,0,1,0,0,0,0,1,1,0,1,0,1,1,1,1,0,0,1,1,0,0,0
0,1,1,1,0,0,1,0,1,0,1,1,1,0,1,1,1,1,0,1,1,1,0,1,0,0
1,1,1,0,1,0,1,1,1,1,1,0,0,1,0,1,1,1,1,1,1,1,1,1,0,1
0,1,0,0,0,1,0,0,1,0,1,0,0,0,0,0,1,0,0,0,1,0,0,0,0,0
1,0,0,1,1,1,0,1,0,1,1,1,0,0,0,1,1,1,1,1,1,1,0,1,0,0
1,0,0,1,1,1,1,1,0,0,1,0,0,1,1,1,1,0,0,1,0,1,0,1,0,0
0,0,0,1,1,1,0,0,0,0,0,0,0,1,1,1,1,1,0,1,0,0,0,1,0,0
1,1,0,1,0,0,0,1,0,0,1,0,0,1,1,0,1,0,1,1,0,0,1,1,0,0
1,0,0,1,1,1,0,0,0,0,1,1,0,1,1,1,1,1,0,1,0,0,1,0,0,0
1,0,0,1,1,1,0,1,0,0,1,1,1,1,1,1,1,1,1,1,1,1,1,1,1,0
1,0,0,0,1,1,0,1,0,1,1,0,0,0,0,1,1,1,1,1,1,1,0,1,1,1
1,1,0,1,0,0,0,0,0,0,1,0,1,1,1,1,1,1,1,0,0,0,0,0,1,0
0,0,0,1,1,1,0,0,0,0,1,0,0,0,1,1,0,1,1,1,1,0,1,0,0,0
1,0,0,1,1,0,0,1,0,0,0,0,0,0,1,1,1,0,1,1,0,0,0,1,0,0
1,1,0,0,0,0,0,1,0,0,1,1,0,1,1,1,1,1,1,0,0,0,1,0,0,0
0,0,0,0,0,1,0,1,0,0,0,0,0,0,0,0,1,0,1,1,0,0,0,0,0,0
0,1,0,0,1,0,0,1,0,0,1,0,0,0,0,1,1,1,0,0,0,0,0,0,0,0
0,0,0,0,0,1,1,0,0,0,1,0,0,0,0,1,1,1,1,0,0,0,0,0,1,0
1,1,1,1,1,1,1,1,1,1,1,0,1,1,1,1,1,1,1,1,1,0,1,1,1,0
0,0,1,1,1,1,0,1,1,0,1,0,1,1,0,1,1,0,0,1,1,1,1,1,1,0
1,0,0,1,0,1,0,1,0,0,1,0,0,1,0,0,1,0,0,1,1,0,0,1,1,0
0,0,0,0,0,1,0,1,1,1,1,0,0,0,0,1,1,1,1,1,1,1,0,1,1,0
1,0,1,1,1,1,0,1,1,1,0,0,0,1,1,1,1,1,1,1,1,1,1,1,0,0
0,0,0,0,0,0,0,1,0,0,0,1,0,0,0,0,1,1,1,0,0,0,0,0,0,0
0,0,0,1,0,0,0,0,0,0,0,0,0,0,0,1,1,0,0,1,0,0,0,0,1,0
1,1,1,1,0,0,0,0,0,0,1,0,0,1,1,1,1,0,0,0,0,0,0,0,0,0
1,1,1,1,1,1,0,1,0,0,0,0,0,1,1,1,1,0,0,1,1,1,1,1,0,0
0,1,0,1,1,1,1,1,0,1,1,0,0,1,1,1,1,0,1,1,0,0,0,1,1,1
1,1,0,1,0,1,0,0,1,0,0,1,0,1,1,1,1,1,0,1,1,1,0,0,0,0
1,0,1,1,0,1,0,1,0,0,1,0,0,1,1,1,1,0,1,1,0,0,0,1,0,0
0,1,1,1,1,1,1,1,0,0,1,1,1,1,1,1,1,1,1,1,1,0,1,1,1,0
1,1,1,1,1,1,0,0,0,1,1,0,0,1,1,1,1,1,1,1,1,0,1,1,1,1
1,0,0,1,1,1,1,1,0,1,1,0,0,1,0,1,1,1,1,1,1,0,1,1,1,0
1,1,0,1,0,0,0,1,0,0,0,0,0,0,0,0,0,0,0,0,0,0,0,0,0,0
0,0,0,0,0,0,0,1,0,0,0,0,0,0,0,0,1,1,0,0,0,0,0,0,0,0
0,1,0,1,0,1,1,0,0,0,0,1,0,1,1,1,0,1,0,1,1,0,1,0,0,0
1,0,0,1,0,0,0,1,0,0,0,0,0,0,0,0,0,0,0,0,0,0,0,0,0,0
0,0,0,0,1,0,0,0,0,0,0,0,0,0,0,0,0,0,0,1,0,0,0,0,0,0
0,0,0,0,0,0,0,0,0,0,0,0,0,1,0,1,1,0,0,1,0,0,0,0,0,0
1,1,0,0,1,1,1,1,1,1,1,1,0,1,1,1,1,1,1,1,1,1,1,1,0,0
1,1,0,1,0,1,0,1,0,0,1,0,0,0,0,1,1,0,1,1,0,0,0,0,0,0
1,0,0,1,0,0,1,1,0,1,1,0,0,0,0,1,1,1,0,1,0,0,1,1,0,0
0,0,0,1,0,1,0,1,0,1,1,0,0,1,0,0,1,1,1,1,1,0,1,1,0,0
1,1,0,1,1,0,0,0,0,0,1,0,0,1,1,0,1,1,0,0,0,0,0,0,0,0
0,0,0,0,1,0,1,1,0,0,0,0,1,1,0,1,0,1,1,0,0,0,0,0,1,0
1,0,0,1,0,1,1,0,0,1,1,1,1,0,1,1,1,1,1,1,1,1,0,1,1,0
1,1,1,1,1,1,0,0,1,0,1,0,0,1,1,0,0,1,0,1,0,0,1,1,0,0
0,1,0,0,0,1,0,0,0,1,1,1,0,1,0,0,1,1,1,0,1,0,1,0,0,0
0,0,0,1,1,0,0,1,0,0,0,0,1,0,0,0,0,1,1,1,0,0,0,1,0,0
0,0,0,1,0,1,1,1,0,1,1,1,0,1,0,1,1,1,1,1,1,1,1,1,1,1
1,1,1,0,1,1,1,0,1,1,0,1,0,1,1,0,1,0,1,0,0,0,0,0,0,0
1,1,0,1,1,1,0,1,0,0,0,0,0,1,1,0,1,1,1,1,1,0,1,1,0,1
1,1,0,1,1,1,0,0,1,1,1,0,0,1,1,0,0,0,0,1,0,1,1,1,0,0
1,1,0,1,1,1,0,1,0,0,1,1,0,1,1,1,1,0,1,1,0,1,1,1,0,0
1,1,0,1,1,1,1,1,0,1,1,0,0,0,1,1,1,0,0,1,1,1,1,1,1,0
0,0,0,1,1,1,1,0,0,1,1,1,0,1,1,1,1,1,1,1,1,1,0,1,0,0
1,1,1,1,1,1,1,1,1,1,1,0,0,1,1,1,1,1,1,1,1,1,1,0,1,0
1,1,1,1,1,1,0,1,0,1,0,0,0,1,1,1,1,1,1,1,1,1,1,1,1,0
1,1,0,1,1,1,0,1,0,0,1,0,0,1,1,1,1,1,1,1,1,1,0,1,1,0
1,0,1,1,1,1,0,1,0,0,1,0,0,0,0,1,1,1,1,0,1,1,1,0,1,0
1,0,0,1,1,1,1,1,1,0,1,1,0,1,1,1,1,1,1,1,0,1,0,1,1,0
0,0,0,0,0,1,1,1,1,1,1,0,0,1,1,1,1,1,1,1,1,0,1,1,1,0
1,1,1,1,1,1,1,1,0,1,0,0,0,0,0,1,1,1,1,1,1,1,1,1,1,1
0,1,0,1,1,1,1,1,0,1,1,1,0,1,1,1,1,1,1,1,1,1,1,1,1,1
1,0,0,1,0,0,0,1,0,0,0,0,0,0,0,1,1,1,1,1,0,1,0,0,0,0
0,0,0,1,0,1,1,1,1,0,0,0,0,1,0,1,1,1,0,0,1,0,1,1,1,0
1,1,0,1,1,1,1,1,0,0,1,0,0,1,1,1,1,0,1,0,1,1,1,0,0,0
0,1,0,1,0,1,0,1,0,0,0,0,0,0,1,0,1,1,1,1,0,0,0,1,0,0
0,0,0,0,0,1,1,1,1,0,0,0,0,0,0,1,1,1,1,0,1,0,0,0,1,0
1,1,0,1,0,1,1,1,1,1,1,0,0,1,1,1,1,1,1,0,1,0,1,1,1,1
1,1,1,1,1,1,1,1,1,1,1,1,0,1,1,1,1,1,1,1,1,0,1,1,1,0
1,1,0,1,1,1,1,0,0,0,1,1,1,1,1,1,1,1,1,1,1,1,0,1,0,0
1,0,0,1,1,1,1,1,1,1,1,1,0,1,1,1,1,0,1,1,1,1,1,1,1,1
1,1,1,1,1,1,1,0,1,1,1,1,1,0,1,1,1,0,1,1,1,1,1,1,1,1
1,0,0,1,0,1,0,0,0,1,1,0,0,0,1,1,1,1,1,1,1,1,0,1,1,1
1,1,1,1,1,1,1,0,0,1,1,0,0,1,1,1,1,1,1,1,1,1,1,1,1,0
0,0,0,0,0,1,1,1,0,1,0,0,0,1,1,1,1,1,0,1,1,1,1,1,0,0
1,1,1,1,1,1,1,1,0,1,1,0,0,1,0,1,1,1,1,1,1,1,1,1,1,0
1,1,1,1,1,1,1,1,1,1,1,1,1,1,1,1,1,1,1,1,1,1,1,1,1,1
1,1,1,1,1,1,1,1,1,1,1,1,1,1,1,1,1,1,1,1,0,1,1,1,1,1
0,1,1,1,1,1,1,1,1,0,1,1,0,1,1,1,1,1,1,1,1,1,1,1,1,1
1,1,1,1,1,1,1,1,1,0,1,1,0,1,1,1,1,0,1,1,1,1,1,1,1,1
1,1,0,1,1,1,1,1,1,1,1,0,1,1,1,1,1,1,1,1,1,1,1,0,0,0
1,0,0,1,1,1,0,0,0,1,1,0,0,1,1,1,1,1,1,1,0,0,0,0,1,0
1,1,0,1,1,1,1,1,0,0,0,0,1,1,1,1,1,1,1,1,0,0,0,0,0,0
1,1,0,1,1,1,0,1,0,0,1,0,0,1,1,1,1,1,1,1,1,1,0,1,0,0
1,1,1,1,1,1,1,1,0,0,1,1,1,1,1,1,1,1,1,1,0,0,1,1,0,0
1,1,1,1,0,1,1,0,1,1,1,1,0,1,1,1,1,1,1,1,1,1,1,0,1,1
1,1,0,1,0,1,1,0,0,0,0,0,0,1,0,1,1,1,0,1,1,0,1,1,0,0
0,1,1,1,1,1,0,0,0,1,1,1,0,0,1,1,1,1,0,1,1,1,1,1,1,0
0,0,0,0,0,0,0,0,0,1,0,0,0,0,1,1,1,0,0,0,0,0,0,0,0,0
0,0,0,0,1,0,0,0,0,0,0,0,0,0,0,1,0,0,0,0,0,0,0,0,0,0
0,0,0,0,0,0,0,0,0,0,0,0,0,0,0,0,0,0,0,0,0,0,0,0,0,0
1,1,1,1,1,1,0,0,0,0,1,1,0,1,0,1,1,1,1,1,1,0,0,1,1,0
1,1,1,1,1,1,1,1,1,1,1,0,1,1,1,1,1,0,1,1,1,1,1,1,1,1
1,1,0,0,0,1,0,1,1,0,1,0,1,1,1,1,1,0,1,0,0,0,1,0,1,1
1,1,1,1,1,1,0,1,0,0,1,1,1,0,1,1,1,1,1,1,1,1,1,1,1,1
0,0,0,1,1,0,0,1,0,0,0,0,0,0,1,1,1,1,0,1,0,0,0,0,0,1
0,0,0,0,0,1,1,0,0,0,0,1,0,1,0,1,1,1,1,1,0,1,0,1,0,0
1,1,0,1,1,1,0,0,0,1,0,1,0,0,1,0,1,1,1,1,1,1,0,1,1,0
1,1,1,1,1,1,0,1,1,1,1,1,0,1,1,1,1,1,1,1,1,1,1,1,1,1
1,0,0,1,1,1,1,1,1,1,1,0,0,1,1,1,1,1,1,1,1,1,0,1,0,1
1,1,1,1,1,1,1,1,0,1,1,0,0,1,1,1,1,1,1,1,0,1,1,1,0,0
1,1,0,1,1,1,1,0,0,1,0,1,0,1,1,1,1,1,1,1,1,1,0,1,1,0
1,1,1,1,1,1,0,1,1,0,1,0,0,1,1,1,1,1,1,1,1,1,1,1,1,1
1,0,0,1,1,1,1,0,0,1,1,1,0,1,1,1,1,1,1,1,1,1,1,1,1,0
0,0,0,0,0,1,1,1,0,1,1,0,0,1,0,0,1,1,1,0,1,0,0,1,1,0
1,1,0,1,1,1,1,1,1,1,1,0,1,1,1,1,1,0,1,1,1,1,1,1,0,0
1,1,1,1,0,1,0,1,1,1,1,0,0,1,1,1,1,1,0,1,1,1,1,1,1,0
1,1,1,1,1,0,0,1,1,0,0,1,0,1,1,1,0,1,0,1,1,0,1,1,0,1
1,1,0,1,1,1,0,1,0,1,1,1,1,1,0,1,1,0,1,1,1,0,1,1,1,0
0,1,1,1,0,1,1,0,1,0,1,0,0,1,1,1,1,1,1,1,0,1,0,1,0,0
0,0,0,0,0,1,1,1,1,0,0,0,0,0,0,1,0,1,1,1,0,0,0,1,0,0
1,1,0,1,1,0,0,0,1,0,0,0,0,0,1,1,1,0,0,0,0,0,0,1,0,0
1,0,0,1,1,0,0,0,0,1,1,0,0,0,0,1,0,1,0,1,0,0,1,1,0,0
1,0,0,1,1,1,0,1,0,1,1,0,0,0,1,1,1,0,1,1,0,0,0,1,0,0
1,1,0,0,1,0,0,1,0,0,0,0,0,0,1,0,0,0,0,0,0,0,0,0,0,0
0,1,1,1,0,1,0,1,0,0,1,1,1,1,1,1,1,1,1,1,1,1,1,1,1,1
1,1,0,1,1,1,1,1,0,0,1,1,0,1,1,1,1,1,0,1,1,1,0,1,0,1
0,1,0,1,1,1,1,1,0,1,1,1,0,1,1,1,1,1,1,1,1,0,1,1,0,1
0,0,0,1,1,1,1,1,0,0,1,0,0,1,1,1,1,1,1,1,1,0,0,1,0,0
1,1,1,1,1,1,1,1,1,1,1,1,0,1,1,1,1,1,1,1,1,0,0,1,0,0
0,0,0,1,1,1,1,1,0,1,1,0,0,1,1,1,1,1,1,1,1,1,1,1,0,0
0,0,0,0,0,1,1,0,1,1,1,1,0,0,0,1,1,1,1,0,0,0,0,1,1,1
