"idstud";"female";"HISEI";"AGE";"R040Q02";"R040Q03A";"R040Q03B";"R040Q04";"R040Q06";"R077Q02";"R077Q03";"R077Q04";"R077Q05";"R077Q06";"R088Q01";"R088Q03";"R088Q04T";"R088Q05T";"R088Q07";"R110Q01";"R110Q04";"R110Q05";"R110Q06";"R216Q01";"R216Q02";"R216Q03T";"R216Q04";"R216Q06";"R236Q01";"R236Q02"
"27600001";0;99;186;1;1;1;0;0;1;2;1;1;1;1;1;2;0;1;1;1;1;1;0;1;1;0;0;1;1
"27600005";1;51;186;1;1;1;1;0;1;2;1;0;0;0;2;1;1;1;1;1;0;0;1;1;0;1;0;1;0
"27600008";1;66;190;0;1;1;1;1;1;2;1;1;1;1;2;2;1;1;1;1;1;1;1;1;1;1;1;1;1
"27600009";1;88;194;1;1;1;1;1;1;2;1;0;1;1;2;1;1;1;1;1;1;1;1;1;1;1;1;1;1
"27600020";1;56;185;1;1;1;1;1;1;2;0;1;0;1;1;1;1;1;1;1;1;1;1;1;1;1;1;1;0
"27600025";1;57;190;1;1;1;1;1;1;2;1;1;1;1;2;2;1;1;1;1;1;1;1;1;1;1;1;1;1
"27600027";1;45;193;0;1;0;1;0;1;2;0;0;0;1;2;1;0;0;1;1;1;1;0;1;1;1;1;0;0
"27600034";0;38;189;1;0;1;1;0;0;2;0;0;1;0;0;2;1;1;1;1;1;1;1;0;1;0;1;1;0
"27600038";1;43;191;1;0;0;1;0;1;2;1;1;1;1;0;2;1;1;1;1;0;1;1;1;1;1;0;1;0
"27600043";0;53;189;1;1;0;1;0;1;2;1;0;0;1;1;2;1;1;1;1;0;1;0;0;0;1;0;1;0
"27600046";0;55;189;1;1;1;1;0;1;2;0;1;1;1;2;1;1;1;1;1;1;0;1;1;0;0;1;0;0
"27600048";0;43;187;1;0;1;1;0;1;0;1;0;0;1;1;0;0;0;1;1;0;0;1;1;0;0;0;0;0
"27600053";0;52;184;0;1;0;1;1;1;0;0;0;0;0;0;1;1;0;1;1;0;1;0;1;1;0;1;1;0
"27600059";0;77;185;1;1;1;0;1;1;0;0;0;0;1;1;1;0;1;1;1;1;1;0;0;0;0;1;1;0
"27600061";0;43;191;1;1;1;1;1;1;2;1;0;0;1;1;1;1;1;1;1;1;1;1;1;0;0;1;1;0
"27600066";1;53;184;1;0;1;1;1;1;2;1;0;0;0;1;1;0;0;0;1;0;0;1;0;1;1;1;0;0
"27600067";0;66;186;0;0;0;0;0;0;0;0;0;0;1;1;0;0;0;0;0;0;0;0;0;0;0;0;0;0
"27600068";1;32;193;1;1;1;1;1;1;2;1;1;0;1;1;1;1;1;1;1;1;1;1;1;1;0;0;1;0
"27600074";0;31;188;1;1;0;1;1;0;0;1;0;0;1;0;0;1;0;1;1;0;0;1;0;0;0;1;0;0
"27600078";1;69;187;0;0;0;1;0;1;2;1;0;1;1;2;1;1;1;1;1;1;1;1;1;1;0;1;1;0
"27600079";1;69;191;1;1;1;1;1;1;2;1;1;0;0;0;2;1;1;1;1;1;1;1;0;1;0;1;0;0
"27600089";0;78;189;1;1;0;1;1;1;2;0;0;0;1;2;1;1;0;1;1;1;1;1;1;1;1;1;1;1
"27600099";0;67;190;1;1;1;1;1;1;0;1;0;1;1;2;1;1;1;1;1;1;1;1;1;1;1;1;1;1
"27600114";0;45;189;1;1;1;1;1;1;2;0;0;0;1;2;1;1;1;1;1;1;1;1;1;1;1;1;0;0
"27600115";0;34;186;0;0;0;0;1;1;2;0;1;1;1;0;1;1;0;1;1;1;1;0;0;1;1;1;0;0
"27600117";0;50;189;1;0;0;0;1;1;1;0;0;1;1;1;0;0;0;1;0;1;0;0;0;0;1;1;1;0
"27600121";0;29;185;1;1;1;1;1;1;2;0;1;0;1;1;1;0;1;1;1;1;1;1;1;0;1;0;1;0
"27600122";1;52;185;1;0;0;0;0;0;0;0;0;1;1;0;0;0;0;1;0;0;0;1;0;0;0;0;0;0
"27600128";0;28;188;0;0;0;0;0;0;0;0;0;0;0;0;0;0;0;0;0;0;0;0;0;0;0;0;0;0
"27600129";1;33;191;1;0;0;0;1;0;0;1;0;0;1;0;0;1;0;1;1;1;1;0;0;0;0;0;1;0
"27600133";1;52;188;0;0;0;0;1;0;0;0;0;0;0;0;0;0;1;1;1;1;0;1;0;0;0;0;0;0
"27600135";1;53;193;1;1;0;1;0;1;2;1;1;1;1;1;0;1;1;1;1;1;1;1;0;0;1;1;0;1
"27600151";0;51;190;1;1;0;0;1;1;2;1;1;0;0;2;1;1;1;1;0;1;0;1;1;1;1;1;1;0
"27600164";1;59;187;0;0;0;0;0;1;2;0;0;0;1;2;1;1;0;1;1;1;1;1;1;0;1;0;1;1
"27600168";1;43;186;0;0;0;1;1;1;1;1;0;1;1;1;1;0;0;1;0;0;1;1;1;1;0;1;1;0
"27600169";0;43;190;0;0;0;1;1;1;0;0;0;1;1;1;0;0;0;1;1;1;0;1;1;0;0;1;0;1
"27600173";0;34;188;1;1;0;1;0;1;2;1;1;0;0;1;0;1;0;1;0;1;0;1;0;0;0;0;1;0
"27600174";1;50;187;1;0;0;1;0;1;2;0;0;0;1;0;0;0;0;0;1;1;1;0;0;0;0;1;1;0
"27600177";1;55;191;1;0;0;1;0;0;0;0;1;0;1;0;1;0;0;0;0;0;1;1;0;0;1;1;0;0
"27600178";0;38;193;0;0;0;0;0;0;0;0;1;0;0;1;0;0;0;1;1;0;1;0;0;0;0;0;0;0
"27600194";0;43;187;1;1;0;1;1;1;2;1;0;1;1;2;1;1;1;1;1;1;1;0;0;0;0;0;0;0
"27600196";1;69;193;1;0;1;1;1;1;1;1;0;1;1;1;0;1;1;1;1;1;1;1;1;1;1;1;1;0
"27600199";0;51;186;0;0;0;0;0;0;0;1;1;0;0;0;0;0;0;1;1;1;1;1;1;1;0;0;1;0
"27600201";1;32;188;1;1;0;1;1;1;0;1;0;0;1;2;0;0;1;1;1;1;1;1;1;1;0;1;0;0
"27600202";0;51;185;1;1;0;1;1;1;0;0;0;0;1;2;0;1;1;1;1;1;1;0;1;1;1;0;0;0
"27600208";1;38;193;1;1;0;1;1;0;0;0;0;0;1;2;1;0;0;1;1;1;0;0;0;0;0;1;0;0
"27600219";0;53;192;1;1;1;1;1;1;2;0;0;0;1;2;1;1;1;1;1;1;1;1;1;0;1;0;0;0
"27600221";1;53;193;1;1;1;1;1;1;0;1;0;1;1;2;0;1;1;1;1;1;0;1;0;1;1;1;1;1
"27600224";1;43;188;0;0;0;1;1;0;1;0;0;0;1;0;1;0;1;1;1;1;1;0;0;0;0;0;1;0
"27600228";1;53;193;1;0;0;1;0;1;2;1;1;0;0;1;1;1;1;0;1;1;0;1;1;1;1;1;0;0
"27600230";1;60;184;1;1;1;1;0;1;2;1;1;1;1;1;1;1;1;0;1;0;1;1;0;0;1;1;1;0
"27600232";1;51;193;0;1;0;1;1;1;1;0;1;0;1;0;0;1;0;1;1;1;1;0;1;0;0;1;1;0
"27600239";1;56;192;1;0;1;1;0;1;2;1;0;1;1;1;1;1;1;1;1;0;1;1;1;1;1;1;1;0
"27600241";1;53;185;1;1;1;1;0;1;2;1;0;1;0;1;1;0;1;1;1;1;1;1;1;1;1;1;1;0
"27600247";1;50;183;0;1;1;1;1;1;0;0;0;0;0;1;1;1;1;1;1;0;1;1;0;0;0;1;1;0
"27600249";1;56;187;0;0;0;0;0;1;2;0;1;0;1;2;2;0;0;1;1;1;1;0;1;0;0;1;1;1
"27600257";0;51;184;1;1;1;1;1;1;2;1;0;0;0;2;1;1;1;1;1;1;1;1;0;0;0;1;1;1
"27600258";0;51;194;1;0;0;0;0;1;0;1;0;0;0;0;2;0;0;1;1;1;0;0;0;0;0;0;1;0
"27600262";0;69;192;1;1;1;1;1;1;2;1;1;0;1;2;2;1;1;0;0;1;1;1;1;1;1;1;1;0
"27600272";1;51;194;1;0;0;1;0;1;0;1;0;0;0;0;0;0;0;1;1;1;1;1;0;0;0;0;1;0
"27600273";1;56;187;1;0;0;1;1;1;2;1;1;1;1;1;1;1;1;1;1;1;0;1;1;1;0;1;1;0
"27600275";1;51;185;0;0;0;0;0;0;2;0;0;0;1;2;0;0;1;0;0;0;1;1;1;0;0;0;0;0
"27600292";1;69;188;1;1;1;1;1;1;2;1;1;1;0;0;0;1;0;1;1;1;1;1;1;1;0;1;1;0
"27600294";1;45;187;1;1;1;1;1;1;2;1;1;0;1;0;1;1;1;1;1;1;1;1;1;1;1;1;1;1
"27600295";1;66;183;1;0;0;1;1;0;2;0;1;0;0;0;0;1;0;1;0;1;1;0;1;1;0;1;0;0
"27600299";0;55;192;1;1;0;1;1;1;2;1;0;0;1;2;2;1;1;1;1;1;1;1;1;1;0;1;1;1
"27600303";1;71;194;1;1;1;1;1;1;0;1;0;0;1;2;2;1;1;1;1;1;1;1;1;1;1;1;0;0
"27600304";1;69;187;1;1;0;1;1;1;2;1;1;1;1;1;0;0;0;1;1;1;1;1;0;1;1;0;1;0
"27600310";1;53;189;1;1;1;1;1;1;2;1;0;0;1;1;1;1;1;1;1;1;1;1;1;1;1;1;1;0
"27600313";0;43;185;1;1;0;0;0;1;0;0;0;1;1;2;0;1;1;1;1;0;1;1;1;0;0;1;1;0
"27600318";1;51;189;0;1;1;1;1;1;2;1;1;0;1;2;2;1;0;1;1;1;0;1;1;1;0;1;1;0
"27600321";0;53;184;1;1;1;1;1;1;0;1;0;1;1;2;1;1;1;1;1;1;1;1;1;1;1;1;1;1
"27600324";0;51;191;0;1;1;1;1;1;2;0;0;0;0;1;0;1;1;1;1;1;1;1;1;1;1;1;1;1
"27600330";1;73;184;0;1;1;1;1;1;2;1;1;1;1;2;1;1;0;0;1;1;1;1;1;1;1;1;1;1
"27600336";1;43;190;0;0;1;1;0;1;1;1;0;0;0;1;1;1;0;1;1;1;1;1;1;1;0;1;1;0
"27600344";1;54;191;1;0;0;1;1;1;2;0;1;1;0;0;1;1;1;1;1;1;1;1;1;1;0;1;1;0
"27600350";0;69;188;1;1;0;1;1;1;2;1;0;1;1;2;1;1;1;1;1;1;1;1;1;1;0;1;0;0
"27600352";1;55;184;1;1;0;1;1;1;2;1;0;1;1;1;1;1;1;1;1;1;1;1;1;1;0;1;1;1
"27600356";0;55;185;0;1;0;1;1;0;1;1;0;0;1;0;0;0;1;1;1;1;1;1;1;1;1;1;0;0
"27600359";0;43;192;1;0;0;1;1;1;2;1;0;1;0;0;0;1;1;1;1;0;0;1;0;0;0;1;0;0
"27600361";1;69;189;0;0;1;1;1;0;0;0;0;0;1;1;0;0;0;1;0;0;0;1;1;0;0;1;0;0
"27600370";1;34;190;0;0;0;0;0;1;2;0;0;1;0;1;0;0;1;1;1;1;0;1;1;1;0;1;0;1
"27600376";0;30;186;0;0;0;1;1;1;2;1;0;0;0;0;0;1;1;1;1;1;1;1;0;0;0;1;0;0
"27600379";1;43;190;1;0;1;1;0;1;2;1;0;0;1;1;2;1;1;1;1;1;1;1;1;0;0;1;0;0
"27600380";0;40;191;1;0;0;1;1;1;2;0;1;0;0;0;1;1;0;1;1;1;1;1;0;0;0;0;1;0
"27600382";1;99;188;1;0;1;1;0;1;1;1;0;0;0;0;1;1;1;1;1;0;1;1;0;0;0;1;0;0
"27600385";1;54;187;1;1;1;1;1;1;2;0;1;1;1;2;1;1;1;1;1;1;0;1;1;0;1;1;1;0
"27600395";1;56;186;0;0;0;1;1;1;0;1;0;1;1;1;1;1;1;1;1;1;1;1;1;1;1;1;1;0
"27600398";0;69;190;1;0;1;1;1;1;1;0;1;1;0;1;1;1;1;1;1;1;1;1;0;1;0;0;1;1
"27600405";1;77;194;1;0;0;1;0;1;2;1;1;1;1;2;1;1;1;1;1;1;1;1;1;1;1;1;1;1
"27600407";0;69;194;1;1;1;1;1;1;0;0;1;0;1;1;1;0;1;1;1;1;1;1;1;1;1;1;1;1
"27600410";0;55;194;0;1;0;1;1;1;0;1;0;0;1;2;0;1;1;1;1;0;0;1;1;1;1;1;0;0
"27600416";0;56;185;1;1;1;1;0;1;0;0;0;1;0;0;0;0;1;1;1;0;1;1;0;0;0;0;0;0
"27600423";1;33;187;0;0;0;0;0;0;0;0;0;1;1;1;1;0;0;1;0;0;0;1;0;0;0;1;0;0
"27600426";1;34;188;0;0;0;0;0;1;0;1;0;1;1;1;1;1;0;1;1;0;1;1;0;0;1;1;0;1
"27600432";0;51;190;1;0;0;1;1;1;0;1;0;0;1;1;1;0;1;0;1;1;1;1;1;1;0;1;0;0
"27600454";0;53;189;1;1;1;1;1;1;0;1;0;0;1;0;1;0;1;1;1;0;1;1;1;1;0;1;1;0
"27600463";1;66;191;1;0;1;1;1;1;2;1;0;0;1;2;1;0;1;1;1;1;1;1;1;1;1;1;1;1
"27600464";0;55;189;1;1;1;1;0;1;2;0;0;0;1;1;0;1;1;1;1;1;1;1;1;1;0;1;0;0
"27600469";1;43;184;1;0;1;1;0;1;2;1;0;1;1;0;2;1;1;1;1;1;0;1;1;1;1;1;0;1
"27600472";1;69;183;1;1;1;1;1;1;2;1;0;0;1;1;0;1;1;1;1;0;1;1;1;0;1;1;1;0
"27600474";1;53;194;0;1;0;1;1;1;2;1;1;0;0;2;1;1;1;1;1;1;1;1;1;0;0;1;1;0
"27600478";1;49;191;0;0;0;0;0;0;2;1;1;1;1;0;1;1;1;1;1;1;1;1;1;1;1;1;0;0
"27600480";1;30;184;0;0;0;0;0;0;0;0;0;0;0;0;0;0;0;1;1;0;1;0;0;0;0;0;0;0
"27600484";0;99;185;1;0;0;1;1;1;0;0;1;0;0;1;1;1;1;0;0;0;0;0;0;0;0;0;1;0
"27600486";1;23;187;1;1;0;1;1;1;0;0;0;1;1;2;2;1;1;1;1;1;0;1;1;0;1;1;0;0
"27600493";1;38;194;0;0;0;0;0;1;0;1;0;0;1;0;0;0;0;1;1;1;0;1;0;0;0;0;0;0
"27600498";1;38;192;1;0;1;1;1;1;2;1;0;1;1;0;1;1;1;1;1;1;1;1;1;1;0;1;1;1
"27600504";0;53;193;0;1;1;1;1;1;0;1;1;0;1;2;0;1;1;1;0;1;1;1;1;0;0;1;0;0
"27600513";0;40;189;0;1;0;1;1;0;1;0;0;1;0;2;0;1;0;1;1;0;1;0;1;1;1;1;1;0
"27600514";1;54;190;0;1;0;1;1;1;2;1;0;0;1;2;1;1;0;1;1;1;1;1;0;0;0;1;1;0
"27600515";1;23;183;0;0;0;0;0;1;0;1;0;1;1;2;1;1;0;1;1;1;1;1;1;0;0;1;0;1
"27600518";1;56;189;1;1;0;1;1;1;2;0;0;1;1;2;1;1;1;1;1;1;1;1;1;1;1;1;1;0
"27600522";0;69;183;0;1;1;1;0;1;2;1;0;0;1;2;1;1;1;1;1;1;1;0;1;0;1;1;0;0
"27600531";0;73;188;1;0;0;1;1;1;2;0;1;0;1;1;0;1;1;1;1;1;0;1;1;1;0;1;1;1
"27600532";1;70;189;1;1;1;1;1;1;2;1;1;1;0;0;1;1;1;1;1;0;1;1;1;1;1;1;1;0
"27600534";1;16;191;1;1;1;1;1;1;2;0;0;1;1;2;1;1;1;1;1;1;1;1;1;1;0;1;0;0
"27600535";0;69;194;1;1;1;1;1;1;2;0;0;1;1;2;1;1;1;1;1;0;1;1;1;1;1;1;0;0
"27600543";1;69;185;0;1;1;1;1;1;2;1;1;0;1;1;0;1;1;1;1;1;1;1;1;0;0;1;0;0
"27600549";0;43;186;0;1;0;1;1;1;0;0;0;0;1;2;0;1;1;1;1;1;1;1;0;0;0;1;1;0
"27600551";0;60;183;1;0;0;1;0;0;0;0;0;0;0;0;0;0;0;0;0;0;0;0;0;0;0;0;0;0
"27600556";0;43;192;1;1;0;1;0;1;0;1;0;0;0;1;1;1;1;1;1;1;1;0;0;0;0;0;0;0
"27600557";0;29;189;1;1;0;1;1;1;0;1;0;1;0;1;0;1;1;1;1;0;1;1;0;0;1;1;1;0
"27600561";1;54;190;1;1;1;1;1;1;2;1;0;1;1;1;1;1;1;1;1;1;1;1;1;1;1;1;0;0
"27600562";1;51;191;0;1;0;1;1;1;2;1;0;0;1;2;1;1;1;1;1;0;1;1;1;1;1;1;0;0
"27600569";0;30;191;1;1;1;1;1;1;1;0;1;1;1;2;2;1;1;1;1;1;1;1;1;1;1;1;1;1
"27600573";0;53;190;1;1;0;1;1;0;0;1;1;0;1;0;2;1;1;1;1;0;1;1;1;0;0;1;1;0
"27600580";0;67;184;1;1;1;1;1;1;2;0;1;0;1;2;1;0;1;1;1;0;1;1;1;0;1;0;1;0
"27600583";0;33;188;1;1;1;1;1;1;2;0;0;1;1;2;2;1;1;1;1;1;1;1;0;0;0;1;0;0
"27600588";1;16;194;0;0;0;1;0;0;0;0;0;0;0;0;0;0;0;1;1;0;1;0;0;0;0;0;0;0
"27600589";0;16;186;0;0;0;1;0;0;0;0;0;1;1;0;0;0;0;0;0;0;1;1;0;0;1;0;0;0
"27600597";0;43;186;1;0;0;1;0;0;0;0;0;0;1;0;0;1;0;0;1;0;1;0;0;0;0;0;0;0
"27600600";0;34;187;0;0;0;0;1;0;0;0;0;0;0;1;0;1;0;1;1;0;0;0;0;0;0;0;0;0
"27600604";0;39;185;0;1;0;1;0;0;0;0;0;0;0;1;0;1;0;1;0;0;0;0;0;0;0;0;0;0
"27600610";1;43;186;1;0;0;1;1;1;2;0;1;1;1;1;1;1;1;1;1;1;1;1;1;1;0;1;0;0
"27600614";1;38;186;1;1;1;1;1;1;2;1;1;1;1;1;0;1;1;1;1;1;1;1;0;0;0;1;1;0
"27600615";0;78;185;1;1;0;1;1;1;2;0;0;1;1;1;2;1;1;1;1;1;1;1;1;0;0;1;0;1
"27600618";1;40;193;1;0;0;1;0;1;2;1;1;0;1;2;1;1;1;1;1;1;1;1;1;1;1;1;0;1
"27600624";0;38;190;1;0;0;1;1;1;0;1;0;0;1;2;2;1;1;1;1;1;1;0;0;0;0;0;1;0
"27600635";1;51;183;0;1;0;1;1;1;2;0;1;0;1;1;1;0;0;1;1;1;1;1;1;0;0;1;0;0
"27600637";1;55;191;0;1;0;1;1;1;2;0;0;0;1;1;0;0;1;1;1;1;1;1;1;0;1;1;0;1
"27600646";1;51;189;1;0;0;1;0;1;2;0;0;0;1;2;0;0;0;0;1;0;0;1;1;1;0;0;0;0
"27600651";1;74;187;1;1;1;1;1;1;2;0;1;1;1;1;2;0;1;1;0;1;1;1;1;1;1;1;0;1
"27600653";1;51;185;1;1;1;1;1;1;2;1;0;1;1;1;2;1;1;1;1;1;1;1;1;1;1;1;1;1
"27600654";1;38;193;1;1;0;1;0;0;0;1;0;0;0;0;0;0;0;1;1;1;0;0;0;0;1;1;1;0
"27600660";0;55;193;1;1;1;1;1;1;0;1;1;1;1;2;1;0;1;0;0;1;1;0;1;0;0;0;0;0
"27600672";0;38;193;0;0;0;0;0;0;0;1;0;1;1;0;0;0;0;1;1;0;1;0;0;1;0;0;0;0
"27600673";0;85;190;1;1;1;1;1;1;2;1;0;0;1;2;1;1;1;1;1;1;1;1;1;1;1;1;1;1
"27600675";0;48;185;1;1;1;1;1;1;2;1;0;0;1;2;1;1;1;1;1;1;1;1;1;1;0;1;1;1
"27600685";0;65;193;1;1;1;1;1;1;0;1;0;1;1;2;1;0;1;1;1;1;1;1;1;1;1;1;0;0
"27600690";0;82;191;1;1;1;1;1;1;2;1;0;1;1;1;1;1;1;1;1;1;1;1;1;1;1;0;1;0
"27600692";1;53;191;1;1;1;1;1;1;2;1;0;1;1;2;2;1;1;1;1;1;1;1;1;1;1;1;0;0
"27600697";1;53;186;1;0;0;1;0;1;2;1;0;0;1;1;1;1;0;1;1;0;0;1;1;0;1;1;0;0
"27600699";1;23;184;1;1;0;1;0;1;0;1;0;1;1;0;1;1;1;1;1;0;1;1;0;0;1;1;1;0
"27600702";0;55;190;1;0;0;0;0;0;0;0;0;0;0;0;0;0;0;1;0;0;0;0;0;0;0;0;1;0
"27600703";1;53;187;1;1;1;0;1;1;2;0;0;0;1;1;1;1;1;0;1;1;0;1;1;0;0;0;1;0
"27600716";0;85;192;1;1;0;1;1;1;2;0;0;0;1;0;0;1;1;1;1;1;1;0;1;1;0;1;0;0
"27600721";0;53;188;1;0;0;0;1;1;0;1;0;0;0;0;1;1;1;0;1;1;0;1;0;0;0;0;0;0
"27600731";1;30;191;0;0;0;0;0;1;2;1;1;0;0;0;0;0;0;0;0;0;0;0;0;0;0;0;0;0
"27600734";1;43;183;0;0;0;0;0;0;0;0;0;0;0;0;0;0;0;1;1;1;1;0;0;0;0;0;0;1
"27600736";1;26;183;0;0;0;0;0;0;0;1;0;0;0;0;0;0;0;1;1;1;1;1;0;0;0;0;0;0
"27600742";1;69;190;0;0;0;0;0;1;2;0;1;0;0;0;0;0;0;1;1;1;1;1;1;0;0;1;1;0
"27600747";0;28;184;1;1;0;1;1;0;2;1;0;0;1;2;1;1;1;0;1;0;0;0;1;1;1;0;0;0
"27600753";1;51;188;1;1;0;1;1;1;1;0;0;0;1;1;1;1;1;1;1;0;1;1;0;1;0;1;1;0
"27600756";1;53;183;1;1;1;1;1;1;1;1;0;1;1;0;1;1;1;1;1;1;1;1;1;1;1;1;0;0
"27600761";1;23;188;1;1;1;1;1;1;1;1;0;1;1;2;1;1;1;1;1;1;0;1;1;1;0;1;1;0
"27600764";1;51;186;0;1;1;1;1;1;2;1;0;1;1;2;1;0;1;1;1;1;1;1;1;0;1;1;1;0
"27600769";1;45;187;1;1;0;0;0;1;2;1;0;0;0;0;1;1;0;1;1;1;0;1;0;0;0;1;0;0
"27600771";1;43;189;0;1;1;1;0;1;2;1;0;1;0;0;1;0;0;1;1;0;1;1;1;1;0;1;0;0
"27600778";1;51;191;1;0;0;1;1;1;2;0;0;0;0;1;0;0;1;1;1;1;0;1;0;1;1;1;1;0
"27600779";1;43;189;0;0;0;0;0;1;0;0;0;0;0;0;0;0;0;0;0;0;0;0;0;0;0;0;0;0
"27600791";0;32;193;0;0;0;0;1;1;0;1;0;0;0;0;0;0;0;0;1;1;0;0;0;0;0;0;0;0
"27600794";0;43;186;1;1;1;1;1;1;0;1;0;1;1;2;1;1;1;1;1;1;1;1;1;1;1;1;0;0
"27600795";1;29;190;0;0;0;0;0;1;0;0;0;1;0;0;0;0;0;1;1;1;1;0;0;0;0;1;1;0
"27600806";1;43;193;0;0;0;1;0;0;2;1;0;0;1;1;0;1;1;1;1;1;1;1;1;0;0;1;0;0
"27600807";1;43;185;0;0;0;1;0;0;0;0;0;0;0;0;0;1;1;1;1;0;1;0;1;0;0;1;0;0
"27600808";0;43;999;0;1;0;1;1;1;0;0;0;1;1;0;0;1;0;1;1;0;1;1;0;1;1;1;1;0
"27600817";1;16;192;1;1;0;1;0;1;2;1;0;0;1;2;0;1;1;1;0;0;0;1;1;1;1;1;1;0
"27600827";1;55;192;0;0;0;0;1;1;2;1;0;1;0;0;0;0;0;1;0;1;1;1;1;0;0;1;0;0
"27600828";0;52;192;0;0;0;1;1;0;0;0;0;0;0;0;0;0;0;1;0;0;0;0;0;0;0;0;0;0
"27600831";0;38;184;0;0;0;1;0;0;0;0;1;1;0;0;0;0;1;1;0;0;0;0;0;0;0;1;0;0
"27600833";0;26;184;0;0;0;1;0;1;0;1;0;0;0;1;0;1;1;1;1;0;1;1;0;0;0;1;0;0
"27600838";1;53;192;0;0;0;1;0;1;2;1;0;1;1;0;1;1;1;1;0;1;1;1;1;0;0;1;0;0
"27600841";0;38;999;1;0;0;0;0;0;0;1;0;0;1;1;0;0;0;0;1;0;1;0;1;0;0;0;1;0
"27600847";1;45;191;1;1;1;1;1;1;0;1;0;0;1;0;0;1;1;0;1;1;1;1;1;1;0;0;0;0
"27600856";0;67;194;1;1;1;1;1;1;2;1;1;0;1;2;1;1;0;1;1;1;1;0;1;1;0;0;1;1
"27600860";1;69;193;1;1;1;1;1;0;2;1;1;1;0;1;1;1;1;1;1;1;0;1;1;1;0;1;0;1
"27600867";1;51;185;0;1;1;1;0;1;2;1;1;1;0;1;1;1;1;1;1;1;1;1;1;0;0;1;0;0
"27600869";1;60;186;1;1;1;1;1;0;2;0;1;0;0;1;1;1;1;0;1;1;1;1;1;1;0;1;0;0
"27600870";1;69;192;1;1;1;0;1;1;2;1;1;1;1;2;0;1;1;1;1;0;1;1;1;1;1;1;1;1
"27600874";1;53;184;1;0;0;1;1;1;2;0;0;1;1;0;0;1;1;1;1;1;1;1;0;0;1;1;0;1
"27600875";1;59;184;1;1;0;1;1;1;0;1;0;0;1;2;1;0;1;1;1;1;1;1;1;1;1;1;1;0
"27600878";1;55;188;1;1;1;1;1;1;0;1;0;1;1;2;2;1;1;1;1;1;1;1;1;1;1;1;1;0
"27600882";1;69;193;1;1;1;1;1;1;2;0;0;1;1;2;1;1;1;1;1;1;1;1;0;1;1;1;1;1
"27600884";1;67;193;1;1;1;1;0;1;2;0;0;1;1;0;1;1;1;1;1;1;0;1;1;1;0;1;1;1
"27600888";1;69;191;1;1;1;1;1;1;2;1;0;0;1;2;1;1;1;1;1;1;1;1;1;1;1;1;1;1
"27600899";1;69;185;0;1;1;1;0;1;2;1;1;0;1;1;1;1;1;1;1;1;1;1;1;1;1;1;0;1
"27600907";0;55;190;1;1;0;1;1;1;2;0;1;0;1;2;1;1;1;1;1;1;1;1;1;0;1;0;1;1
"27600908";1;43;187;1;1;0;1;1;0;2;0;1;1;0;1;0;1;1;1;1;1;1;1;1;1;0;1;1;1
"27600909";1;70;190;1;1;1;1;1;1;2;1;0;1;1;2;2;1;1;1;1;1;1;1;1;1;1;1;0;1
"27600911";0;69;192;1;1;1;1;1;1;2;0;0;1;1;2;1;1;1;1;1;1;1;1;1;1;0;0;1;0
"27600926";1;25;191;0;0;0;0;0;0;0;0;0;0;0;0;0;0;0;0;1;0;1;1;0;0;0;1;0;0
"27600928";1;50;187;0;1;0;1;0;1;2;1;1;0;1;2;1;1;0;1;1;1;1;1;1;1;0;1;1;0
"27600930";1;39;193;0;0;0;1;0;0;2;1;0;1;1;1;1;1;1;1;1;1;1;1;1;0;0;1;1;0
"27600931";1;34;190;0;0;0;1;0;1;0;0;0;0;1;0;0;1;1;1;0;1;1;1;0;1;0;0;0;0
"27600934";0;69;193;0;0;0;0;0;1;0;0;0;1;1;0;0;0;0;1;1;1;1;1;0;1;0;1;0;0
"27600946";0;30;192;1;0;1;1;1;0;2;1;0;0;1;1;1;1;1;1;1;1;1;1;1;1;1;1;0;0
"27600950";0;29;193;1;0;1;1;0;1;2;1;0;0;1;1;2;1;1;1;1;1;1;1;1;1;0;1;0;1
"27600957";0;24;191;0;0;0;0;0;0;0;1;0;0;0;0;0;0;0;0;0;0;0;0;0;0;0;0;0;0
"27600958";0;39;184;0;1;0;0;0;0;0;1;0;0;0;1;0;0;0;0;0;0;0;0;0;0;0;0;0;0
"27600964";0;43;185;0;0;0;1;0;0;0;0;0;0;0;1;0;0;0;0;0;1;1;1;0;0;0;0;0;0
"27600965";1;69;186;1;0;0;1;0;0;0;1;0;0;0;0;1;1;0;1;1;0;1;0;0;0;0;1;0;0
"27600978";0;55;191;1;0;0;1;1;1;2;1;0;0;1;1;1;1;1;1;1;0;1;1;1;1;1;1;1;0
"27600982";1;88;194;1;1;1;1;1;1;0;1;0;0;1;1;1;1;1;1;1;1;1;1;0;0;1;1;1;0
"27600983";1;38;188;1;1;1;1;1;1;2;0;1;0;0;1;1;1;1;1;1;1;1;1;1;1;1;1;1;1
"27600989";0;88;190;1;0;0;1;1;0;0;1;0;1;1;1;1;1;1;1;1;1;1;1;1;1;0;0;0;0
"27600991";1;51;193;1;1;1;1;1;1;0;0;0;0;1;2;2;1;1;1;1;1;1;0;0;0;0;0;1;0
"27600994";0;33;188;1;1;1;1;1;1;0;0;0;0;1;2;2;1;1;1;1;1;1;0;0;0;0;0;1;0
"27600996";0;56;183;1;1;0;1;1;1;0;0;1;1;1;2;2;1;1;1;1;1;1;1;1;1;0;1;1;0
"27601001";0;41;999;1;1;0;1;0;1;1;1;0;1;0;1;0;1;0;1;1;1;0;1;1;0;0;1;0;0
"27601004";1;56;183;1;0;0;1;1;1;2;1;0;1;1;1;1;1;1;1;1;1;1;1;1;0;0;1;1;1
"27601005";1;50;187;1;1;1;1;0;1;2;1;0;1;1;1;1;1;1;1;0;1;0;1;1;1;1;1;0;0
"27601011";0;69;185;1;0;0;1;1;1;2;1;0;0;1;2;1;1;1;1;1;0;1;0;1;1;0;1;1;0
"27601012";1;43;189;1;1;0;1;1;1;0;1;0;1;1;2;2;1;1;1;1;1;0;1;0;1;0;1;1;0
"27601013";1;69;193;0;1;0;1;1;1;2;1;1;1;1;2;1;1;1;1;1;0;1;1;1;0;1;1;0;0
"27601027";0;51;185;1;1;1;1;1;1;0;1;0;1;1;2;0;0;1;0;0;0;0;1;1;1;0;1;0;0
"27601047";0;30;186;1;0;0;1;0;0;0;0;0;0;0;0;1;0;0;1;0;0;1;0;0;0;0;0;0;0
"27601048";0;43;188;0;1;0;1;0;0;2;1;0;1;1;1;1;0;0;1;1;0;0;0;0;0;0;0;0;0
"27601052";0;54;999;0;1;0;1;0;0;0;1;0;1;0;0;1;1;0;0;1;1;0;0;0;0;0;0;1;0
"27601055";0;30;193;0;0;0;0;0;0;0;0;0;0;0;0;0;0;0;0;0;0;0;0;0;0;0;0;0;0
"27601061";0;28;190;0;1;1;1;1;1;0;1;0;0;1;2;2;0;0;1;1;1;1;0;0;0;0;0;0;0
"27601065";0;34;190;0;0;0;0;0;0;0;0;0;0;0;0;0;1;0;0;0;0;0;0;0;0;0;0;0;0
"27601066";1;53;190;0;1;0;1;0;1;2;0;0;1;1;0;1;0;0;1;1;0;0;1;1;0;1;0;1;0
"27601069";1;88;185;1;1;1;0;0;1;2;0;0;1;1;1;1;1;1;1;1;1;1;1;1;1;1;1;1;1
"27601085";1;56;193;1;1;1;1;1;1;2;0;0;0;1;0;1;1;1;1;1;1;1;1;0;1;1;1;1;1
"27601090";1;34;184;1;0;1;1;1;1;2;1;0;0;1;1;1;1;1;1;1;1;1;1;1;1;1;1;1;1
"27601092";1;53;193;1;1;1;1;1;1;1;1;0;0;0;2;1;1;1;1;1;1;0;1;1;1;1;1;0;1
"27601093";0;56;183;1;1;1;1;1;1;0;0;0;1;1;2;1;1;1;0;1;1;1;1;1;1;1;1;0;0
"27601097";0;38;189;1;1;0;1;0;1;2;0;0;1;1;2;1;0;0;1;1;1;1;1;1;0;0;1;0;0
"27601100";0;69;192;0;1;0;0;0;1;2;1;0;0;0;0;0;0;0;1;1;1;0;0;0;0;0;0;0;0
"27601101";0;34;187;1;1;0;1;1;1;2;0;0;0;1;1;0;1;1;1;1;0;1;0;1;0;0;1;0;0
"27601103";1;53;183;1;0;1;1;1;1;2;1;0;1;1;0;1;1;0;1;0;1;0;1;1;1;0;1;0;0
"27601113";1;40;187;0;0;0;0;0;1;2;1;0;1;0;0;0;0;0;1;1;0;1;0;0;0;0;0;0;0
"27601120";0;55;187;1;1;0;1;1;1;2;1;1;1;1;0;1;1;1;1;1;1;0;1;1;1;1;1;1;0
"27601122";1;34;189;1;1;1;1;1;1;1;1;0;1;0;1;2;0;1;1;1;1;1;1;1;0;1;1;1;1
"27601124";1;43;190;1;0;0;1;1;1;1;0;1;1;0;1;0;1;1;1;1;1;1;1;1;1;1;1;1;1
"27601125";1;73;190;1;1;1;1;0;1;2;1;0;1;1;2;0;0;1;1;0;1;1;1;1;1;1;0;1;1
"27601127";0;34;189;1;1;0;1;0;0;0;0;0;0;0;0;0;1;1;1;0;1;1;0;1;0;0;1;0;0
"27601145";1;34;189;1;0;1;1;0;1;1;1;0;1;1;2;1;1;0;0;1;0;1;0;0;0;0;0;0;0
"27601146";1;22;189;0;0;0;1;0;0;0;0;0;0;1;1;0;1;0;1;1;0;1;0;0;0;0;0;1;0
"27601150";0;71;192;1;1;0;1;1;1;0;0;0;0;1;1;0;1;1;1;1;0;1;1;0;1;0;0;1;0
"27601152";0;71;193;1;0;0;0;1;1;1;1;0;0;1;1;1;1;0;0;1;0;1;0;0;0;0;0;0;0
"27601165";1;69;193;0;1;0;1;0;0;2;1;0;1;0;0;0;1;0;0;0;0;0;1;1;0;0;1;1;0
"27601173";0;43;189;0;0;0;0;1;0;2;1;0;0;1;0;0;1;1;0;1;1;1;1;1;0;0;0;0;0
"27601181";0;43;193;0;1;0;0;0;1;0;0;0;0;0;0;0;1;0;0;0;0;0;0;0;0;0;0;0;0
"27601183";0;53;194;0;0;0;1;1;1;1;1;0;0;1;0;0;1;0;0;1;1;1;0;0;0;1;0;0;0
"27601190";0;43;193;0;0;0;1;1;1;2;1;0;0;0;0;0;1;1;1;1;1;1;1;0;0;1;1;0;0
"27601194";1;44;190;0;0;0;1;0;0;2;0;0;0;0;1;0;0;0;1;1;1;1;0;0;0;0;0;1;0
"27601198";0;43;188;0;0;0;1;1;0;2;1;0;1;0;1;0;0;0;1;1;1;0;0;0;0;1;1;0;0
"27601207";0;53;189;1;0;0;1;0;0;0;0;0;0;0;0;0;0;0;0;0;1;0;0;0;0;0;1;0;0
"27601212";0;34;186;1;1;0;1;1;1;2;0;0;0;1;2;2;1;1;1;1;1;1;1;1;1;1;1;1;1
"27601213";0;29;186;1;1;1;1;0;1;2;1;0;1;0;0;1;1;0;1;1;0;1;1;1;1;0;1;1;0
"27601217";1;59;191;0;0;1;1;1;1;0;1;0;0;0;0;0;0;0;1;1;1;1;1;1;0;0;1;0;0
"27601224";1;52;185;1;0;0;0;0;1;2;0;0;1;1;2;1;1;0;1;1;1;1;0;0;0;0;0;1;1
"27601226";1;59;188;0;0;0;0;0;1;2;1;0;0;0;0;1;0;0;1;1;1;1;1;1;0;0;0;0;0
"27601230";1;53;184;0;0;0;0;0;0;0;0;1;0;0;1;0;0;0;0;1;1;0;0;0;1;1;0;1;0
"27601234";1;59;187;0;1;1;1;1;1;2;1;0;1;0;2;1;1;1;1;1;1;1;1;1;1;0;1;1;0
"27601241";0;31;184;0;0;0;1;0;1;2;1;0;0;1;0;0;1;0;1;1;1;1;1;0;0;0;1;0;0
"27601245";0;34;189;0;0;0;1;0;0;0;0;0;0;0;0;0;1;0;1;1;0;1;0;1;0;0;1;0;0
"27601246";0;99;185;1;0;0;1;1;0;0;1;0;0;0;0;0;0;1;0;0;0;0;0;0;0;0;0;0;0
"27601247";1;74;190;0;0;0;0;0;1;0;0;0;0;0;0;0;0;0;1;1;0;0;1;0;0;0;0;0;0
"27601261";1;30;183;0;0;0;0;0;0;0;0;0;0;0;0;0;0;0;1;1;0;0;1;0;0;0;0;0;0
"27601266";1;43;185;0;0;0;1;1;1;0;1;0;0;0;0;0;1;0;1;0;0;1;1;0;0;0;1;1;0
"27601268";0;56;188;1;1;0;1;0;0;0;1;0;1;0;2;1;1;1;0;0;1;1;0;0;0;1;0;0;0
"27601272";0;38;190;0;0;0;1;1;1;0;0;0;0;1;0;1;1;0;1;0;0;1;0;0;0;0;0;0;0
"27601281";0;51;190;1;1;1;1;1;0;0;1;0;0;1;1;0;0;1;1;1;0;0;1;0;0;0;0;0;1
"27601283";1;34;189;1;0;0;0;1;0;0;0;0;0;0;0;0;1;0;1;1;0;1;1;0;0;0;1;0;0
"27601285";0;51;188;0;0;0;1;0;1;2;1;1;0;0;0;1;0;1;1;1;0;0;0;0;0;1;0;1;1
"27601297";1;40;184;0;0;0;0;0;0;0;0;0;0;0;0;0;0;0;1;1;1;1;0;0;0;0;0;0;0
"27601299";1;16;183;0;0;0;1;0;0;0;0;0;0;1;0;1;0;0;0;0;0;0;1;0;0;0;1;0;0
"27601300";0;53;187;1;0;0;0;0;1;0;0;0;0;0;0;1;0;0;0;0;0;0;1;0;0;0;0;0;0
"27601304";0;43;187;0;0;0;0;0;1;0;0;0;1;0;1;0;0;0;1;1;0;0;0;0;0;0;0;0;0
"27601305";0;43;191;0;0;0;0;1;0;0;1;0;0;0;0;0;0;0;0;0;0;0;0;0;0;0;0;0;0
"27601310";0;52;184;0;0;0;0;0;0;0;1;0;1;0;0;0;0;0;0;0;0;0;0;0;0;0;0;0;0
"27601312";0;71;190;1;1;1;1;1;1;2;1;0;1;1;2;2;1;1;1;1;1;1;1;1;1;1;1;1;0
"27601318";0;53;193;1;1;1;1;1;1;2;1;1;1;1;2;2;1;1;1;1;1;1;1;1;1;1;1;1;1
"27601324";1;30;194;1;1;1;1;1;1;0;0;0;1;1;1;0;1;1;1;1;1;1;1;1;1;1;1;1;0
"27601329";1;69;192;1;1;1;1;1;1;1;1;0;1;1;1;1;1;1;1;1;1;1;1;1;1;1;1;1;1
"27601332";0;43;187;1;1;1;1;1;1;2;0;0;0;1;1;2;0;0;1;1;1;1;1;1;1;1;1;0;1
"27601333";0;69;183;1;1;1;1;1;1;2;1;0;1;1;2;0;1;1;0;1;1;1;1;0;0;1;1;1;1
"27601338";1;56;185;0;0;0;0;0;1;0;0;0;0;0;0;0;0;0;1;1;1;0;1;0;0;0;0;0;0
"27601339";1;30;185;1;0;0;1;0;1;0;1;0;1;0;1;0;0;0;1;1;1;0;1;1;0;1;1;0;0
"27601343";1;65;190;1;0;0;0;1;1;1;0;0;0;1;1;0;1;1;1;1;1;1;0;0;0;0;0;0;0
"27601353";1;24;193;1;0;0;1;1;1;0;0;0;0;0;0;1;1;0;1;0;0;0;1;1;0;0;1;0;0
"27601359";1;40;184;1;0;0;1;0;1;0;0;0;0;1;0;0;1;1;1;0;0;0;1;0;0;0;0;1;0
"27601363";0;38;185;0;0;0;0;0;1;0;0;0;1;0;0;1;0;0;1;1;0;1;0;0;0;1;0;1;0
"27601366";1;33;193;0;1;0;1;1;1;2;0;1;1;1;1;1;0;1;1;1;1;1;1;1;1;0;0;1;0
"27601367";1;30;186;1;0;0;1;1;1;0;1;1;1;1;2;0;1;1;1;1;1;1;1;1;0;0;1;1;0
"27601370";0;51;184;1;1;0;1;1;0;2;1;0;0;0;2;1;1;0;1;0;1;0;0;0;0;0;0;0;0
"27601371";0;40;190;1;1;0;1;0;1;2;1;0;0;0;2;2;1;1;1;0;0;1;1;1;1;0;0;0;0
"27601374";1;38;185;0;0;0;1;1;1;2;0;0;0;1;0;1;1;1;1;1;1;1;1;1;1;1;1;1;0
"27601387";1;30;190;1;1;0;1;1;1;2;0;0;1;1;1;1;1;1;1;0;1;1;1;1;1;0;1;1;1
"27601393";1;24;193;1;0;0;1;1;1;2;0;0;0;1;1;1;0;1;1;1;1;1;1;1;1;0;0;0;0
"27601399";1;51;185;0;0;0;0;0;1;2;1;0;1;1;0;0;0;1;1;1;1;1;1;0;1;1;1;0;0
"27601404";0;69;190;1;1;0;1;1;1;2;1;1;1;0;0;1;1;1;1;1;1;1;0;0;0;0;1;0;1
"27601410";0;51;184;0;1;1;1;1;1;0;0;0;0;1;1;1;0;1;1;0;1;0;1;1;1;1;1;1;0
"27601411";1;69;183;1;1;1;1;1;1;2;0;0;0;1;2;0;1;0;1;1;1;1;1;1;0;0;1;0;0
"27601421";1;54;192;1;0;0;1;1;1;0;1;0;1;1;1;1;1;1;1;1;1;1;1;1;1;1;1;0;1
"27601424";0;70;183;1;0;0;1;0;0;2;1;0;0;1;1;0;1;1;0;1;0;1;1;0;1;0;1;1;0
"27601426";0;88;187;0;1;1;0;1;1;2;0;1;0;0;0;0;1;1;1;1;0;1;1;1;0;0;1;0;0
"27601429";1;85;191;1;1;1;1;1;1;2;1;0;1;1;2;1;1;1;1;1;1;1;1;1;1;0;1;1;1
"27601435";0;67;185;1;1;1;1;1;1;2;1;1;1;1;2;2;1;1;1;1;1;1;1;1;0;1;0;0;1
"27601442";1;53;194;1;0;0;1;1;1;2;1;1;0;1;2;1;1;0;1;1;0;1;1;1;1;0;1;1;0
"27601443";0;46;184;1;1;1;1;1;1;2;0;1;0;1;2;2;1;1;1;1;0;1;1;1;1;1;1;1;0
"27601455";1;85;184;1;1;0;1;1;1;2;0;0;0;1;2;1;1;1;1;1;1;1;1;1;1;1;1;1;0
"27601459";0;69;189;1;1;0;1;1;1;2;1;0;0;1;0;0;0;1;1;1;1;1;1;1;0;0;0;0;0
"27601464";1;54;189;1;0;0;1;1;1;2;1;1;1;1;2;1;0;1;1;1;1;0;1;1;1;1;1;1;0
"27601467";0;53;191;1;1;1;1;1;1;2;1;0;1;1;2;1;1;1;1;1;1;0;0;1;1;0;0;1;0
"27601468";0;69;193;1;1;1;1;1;1;2;1;0;1;1;2;1;1;1;1;1;1;1;1;1;1;0;1;0;1
"27601469";0;88;189;0;1;1;0;0;1;1;1;0;1;1;1;2;1;1;1;1;0;1;1;0;1;0;1;1;0
"27601472";0;29;194;1;0;0;1;0;1;1;0;0;0;0;1;1;1;1;0;1;1;1;0;0;0;0;0;1;0
"27601473";1;51;191;1;0;1;1;1;1;2;1;1;0;1;2;1;1;1;0;1;1;0;1;1;1;1;1;0;0
"27601475";0;51;190;1;1;1;1;1;0;2;0;0;0;0;0;0;0;0;1;1;1;1;0;0;1;1;0;0;0
"27601482";1;51;190;1;0;0;1;1;0;0;1;0;0;0;0;0;0;0;1;0;0;0;1;0;0;0;1;1;0
"27601503";0;38;187;0;1;0;1;0;0;0;0;0;0;0;0;0;1;0;0;0;0;1;0;0;0;0;0;0;1
"27601507";0;16;193;0;1;1;1;1;1;0;1;0;1;0;0;0;1;1;1;1;0;1;1;0;0;0;0;0;0
"27601509";1;52;184;0;1;0;1;0;1;0;0;0;1;0;0;1;0;0;1;0;0;1;1;1;0;1;1;1;0
"27601511";1;30;184;0;1;0;1;1;1;0;1;0;0;0;2;1;1;1;1;1;0;0;1;1;1;1;1;0;0
"27601512";1;56;184;0;0;0;1;0;0;0;1;0;0;0;0;0;0;0;0;1;0;1;1;1;0;0;1;0;0
"27601513";0;34;185;0;1;0;1;0;1;0;0;0;0;1;0;1;1;0;1;1;0;1;0;0;0;1;1;0;0
"27601521";1;69;189;1;0;0;1;0;1;2;1;0;1;1;0;0;1;1;1;1;0;0;1;1;0;1;1;1;0
"27601524";1;43;194;0;0;0;1;1;1;2;1;0;1;1;2;0;1;1;1;1;0;0;0;1;1;0;1;1;0
"27601535";1;38;188;1;0;1;1;1;1;1;1;0;0;1;0;1;1;1;1;1;1;1;1;1;1;1;1;1;0
"27601537";1;53;193;0;0;0;1;1;1;2;1;0;0;0;2;2;1;0;1;1;0;1;1;1;0;1;1;1;0
"27601544";1;23;186;1;0;0;0;1;1;2;1;0;1;1;2;1;1;0;1;1;1;1;1;1;1;1;1;1;1
"27601547";0;99;190;1;1;1;0;0;1;0;1;0;0;0;0;0;1;0;0;0;1;1;0;0;0;0;0;0;0
"27601552";1;71;193;0;1;0;0;1;1;2;1;1;0;1;1;0;0;0;1;1;0;1;1;1;1;1;1;0;0
"27601555";0;30;184;1;1;0;1;1;0;2;0;0;0;0;2;1;1;1;0;0;1;1;1;0;0;0;1;0;0
"27601556";0;69;193;1;0;0;1;0;0;0;0;0;0;0;0;2;0;0;0;0;0;0;0;0;0;0;0;0;0
"27601572";1;43;191;0;0;0;1;0;0;0;0;0;0;0;0;0;1;0;0;1;0;1;0;0;0;0;1;0;0
"27601575";0;30;193;0;0;0;0;0;1;0;1;0;0;0;0;0;0;0;1;1;1;1;1;0;0;0;0;0;0
"27601580";0;59;190;1;1;1;1;0;0;0;1;0;0;0;0;0;0;0;1;0;1;1;0;1;0;0;0;0;0
"27601583";0;51;193;1;0;1;1;1;1;0;1;0;0;1;0;1;1;0;0;0;0;1;1;0;0;1;1;0;0
"27601584";0;34;188;0;0;0;1;1;0;0;1;0;0;0;0;0;1;0;0;0;0;0;0;0;0;0;0;0;0
"27601588";1;60;187;1;1;1;1;1;1;2;0;0;1;1;1;1;0;1;1;1;1;1;1;1;1;1;1;1;1
"27601596";0;85;194;1;1;0;1;0;1;2;1;0;0;1;1;1;1;1;1;1;1;1;1;1;1;0;1;0;0
"27601599";0;69;192;1;1;1;1;1;1;0;1;1;1;1;2;2;1;1;1;1;1;1;1;1;1;0;0;1;0
"27601602";1;53;190;1;0;0;1;0;1;2;1;1;1;1;2;1;1;1;1;1;0;1;1;1;1;1;1;1;0
"27601607";1;54;188;1;0;0;1;1;1;2;1;0;1;1;0;0;1;1;1;1;1;1;1;1;0;0;0;1;1
"27601612";0;34;189;1;1;1;1;1;1;2;1;0;1;1;2;1;1;0;1;1;0;1;1;1;1;1;1;1;0
"27601613";0;34;188;0;0;0;0;0;0;0;0;0;0;0;0;1;0;0;0;0;1;0;1;0;0;0;0;0;0
"27601614";1;73;194;1;0;0;1;1;1;2;1;1;1;0;0;2;1;1;0;1;1;1;1;1;1;1;1;0;1
"27601618";0;99;189;0;1;0;0;1;1;2;0;0;1;0;0;0;0;0;1;0;1;1;0;1;0;0;0;1;0
"27601620";0;64;187;1;1;0;1;0;1;0;1;0;1;0;1;1;1;1;1;0;1;0;0;0;0;0;0;1;0
"27601628";0;38;187;0;0;0;0;0;0;0;0;0;0;0;0;0;0;0;1;0;0;0;1;1;0;0;0;0;0
"27601637";0;69;190;0;0;0;1;0;0;0;1;0;0;0;0;0;0;0;1;1;0;0;0;0;0;0;0;0;0
"27601638";0;54;184;0;0;0;0;0;0;0;0;0;0;0;1;0;0;0;0;0;0;0;0;1;0;0;0;0;0
"27601639";1;43;193;0;0;0;1;0;0;0;0;0;0;0;1;0;0;0;1;1;1;1;1;1;1;0;1;0;0
"27601645";1;51;185;1;0;0;1;0;1;2;1;1;1;1;0;1;1;1;1;1;1;1;1;1;1;1;1;1;0
"27601654";0;38;193;0;1;0;1;0;0;0;1;0;1;0;0;0;1;0;0;0;0;1;1;0;0;0;1;1;0
"27601660";1;32;190;1;1;0;0;0;1;0;0;0;0;0;1;0;0;0;1;0;0;0;1;1;0;0;0;1;0
"27601661";1;35;193;1;0;0;1;0;1;0;1;0;0;0;0;1;1;0;1;1;0;0;0;0;0;0;0;0;0
"27601663";0;99;190;0;0;0;0;0;0;0;1;0;0;0;0;0;0;0;1;0;0;1;0;0;0;0;0;0;0
"27601678";1;34;186;0;0;0;0;0;0;0;0;0;1;1;0;0;0;0;1;1;0;0;1;0;0;0;0;0;0
"27601688";0;73;186;1;1;1;1;0;1;0;1;0;1;1;2;1;0;1;1;1;1;1;0;0;0;0;0;1;0
"27601689";0;43;187;1;1;0;1;1;1;2;1;0;1;1;1;1;1;1;0;1;1;1;1;1;0;1;1;1;0
"27601698";0;30;183;0;0;0;0;0;1;0;0;0;0;1;1;1;1;1;0;0;1;1;0;0;0;0;0;1;0
"27601699";1;69;184;1;0;1;1;1;1;1;1;1;0;0;0;0;0;0;1;0;1;1;0;0;0;0;0;1;0
"27601706";0;30;185;1;1;1;1;1;1;0;1;0;1;1;0;1;1;0;1;0;1;1;1;0;0;1;1;1;0
"27601709";0;53;191;1;1;1;1;0;1;2;1;1;1;1;2;2;1;1;1;1;0;1;0;0;0;0;0;1;0
"27601714";0;43;183;0;0;0;1;0;1;2;1;0;1;1;1;1;1;1;1;1;1;0;1;0;1;0;1;1;0
"27601722";1;65;185;0;0;0;0;0;1;2;1;1;0;0;0;0;0;0;1;1;1;1;1;0;0;0;1;0;0
"27601726";0;43;188;1;1;0;1;1;1;2;0;0;1;1;1;0;1;0;0;1;0;1;0;0;0;0;0;0;0
"27601732";0;88;183;1;1;1;1;1;1;2;1;0;0;0;1;1;1;1;1;1;0;1;1;1;1;1;1;1;0
"27601737";0;61;188;1;1;0;0;1;1;2;1;0;0;1;1;1;1;1;1;1;1;0;1;1;0;0;0;1;0
"27601740";1;67;185;1;1;1;1;1;1;2;1;0;1;1;1;1;1;0;1;1;1;1;1;0;0;1;1;1;1
"27601742";1;65;184;0;1;0;1;1;1;2;1;1;1;0;1;0;1;1;1;1;0;1;1;1;1;0;0;1;1
"27601747";1;69;183;1;0;0;0;0;0;0;0;0;1;0;0;0;1;0;1;1;1;1;1;0;0;1;1;0;0
"27601753";1;51;190;0;1;0;1;1;1;2;0;0;1;1;1;1;1;1;1;1;1;1;1;0;1;1;1;1;0
"27601765";1;46;185;0;0;0;0;0;1;0;0;1;1;0;0;0;0;0;1;0;1;1;0;0;0;0;0;0;0
"27601769";0;32;183;1;0;0;1;1;1;0;0;0;0;0;0;0;0;0;1;0;1;0;0;0;0;0;0;0;0
"27601771";0;71;185;1;1;1;1;1;1;1;1;0;0;1;0;1;1;1;0;0;0;0;1;1;0;1;1;0;0
"27601776";1;50;189;0;1;0;1;1;1;2;1;0;0;1;2;1;1;1;1;0;1;1;1;1;1;1;1;1;1
"27601777";0;99;189;1;0;0;0;0;0;1;1;0;0;0;0;0;0;0;1;1;0;1;1;0;0;0;0;1;0
"27601779";0;67;183;1;1;0;1;1;1;1;1;1;1;1;2;1;1;1;1;1;1;1;1;1;1;1;1;1;1
"27601782";0;43;186;1;1;0;1;1;1;2;0;0;1;1;2;1;1;1;1;1;0;0;1;1;0;1;1;0;0
"27601784";0;46;193;0;0;0;1;0;1;0;0;0;0;0;1;0;1;0;0;0;0;1;1;0;0;0;1;0;0
"27601793";0;23;191;1;1;1;1;0;1;0;0;1;1;0;2;2;1;1;1;1;1;1;1;0;0;0;1;0;0
"27601795";1;56;193;1;0;0;1;1;1;1;1;0;1;0;0;0;0;0;1;1;1;1;1;0;0;1;1;0;0
"27601798";0;34;193;1;1;0;1;0;0;2;0;0;0;0;1;0;1;0;0;1;1;1;0;0;0;0;0;0;0
"27601811";0;33;190;1;1;1;1;0;1;0;1;0;1;1;1;1;0;1;1;1;1;0;1;0;0;0;0;0;0
"27601812";0;45;194;1;0;0;0;0;0;0;0;0;0;0;1;1;1;0;0;0;0;0;0;0;0;0;0;0;0
"27601813";0;51;194;0;0;0;0;0;0;0;0;0;0;0;0;0;1;1;1;0;0;0;0;0;0;0;0;0;0
"27601821";1;49;190;1;0;1;1;1;1;2;0;1;0;1;1;1;0;1;1;1;1;1;1;0;1;1;1;0;0
"27601823";0;50;192;1;1;0;1;0;1;1;1;0;1;0;0;0;1;1;1;1;1;1;1;0;1;0;0;0;0
"27601825";0;71;192;0;0;0;0;0;1;1;0;0;1;0;0;0;0;0;1;1;0;1;1;0;0;0;0;0;0
"27601834";1;52;186;0;1;1;1;1;1;2;1;1;1;1;2;2;1;1;1;1;1;1;1;1;1;1;1;1;1
"27601837";1;34;189;1;1;1;1;1;1;0;1;0;0;1;1;0;0;0;1;1;1;0;1;1;0;0;1;0;0
"27601846";0;69;191;1;1;0;1;1;1;2;1;1;1;1;2;2;0;1;1;1;1;1;1;1;1;0;1;1;0
"27601861";0;39;192;1;1;0;0;1;0;0;1;0;1;0;0;0;1;1;0;1;0;1;0;0;0;0;0;0;0
"27601862";0;43;184;0;0;1;1;0;1;0;0;1;0;0;0;0;1;0;0;0;0;1;1;1;0;0;1;0;0
"27601864";0;38;190;0;0;0;0;0;0;0;0;0;0;0;0;2;1;0;1;1;0;1;0;0;0;0;0;1;0
"27601869";0;67;194;1;1;1;0;0;0;0;1;1;1;1;0;1;0;1;1;1;1;1;1;1;0;0;1;0;0
"27601872";0;43;185;0;0;1;0;0;0;0;0;1;0;0;1;0;1;0;0;1;0;1;0;0;1;0;0;0;0
"27601881";1;53;191;0;1;0;1;1;1;2;1;0;1;1;2;1;1;0;1;1;1;1;1;1;1;1;1;1;1
"27601883";0;43;193;1;0;0;1;1;1;0;0;0;1;1;2;0;1;1;1;1;1;1;1;1;0;1;0;0;0
"27601888";0;54;191;1;1;1;1;1;1;2;0;0;1;1;2;1;1;1;1;1;1;1;1;1;1;1;1;1;0
"27601890";1;56;188;0;1;0;1;1;1;2;1;1;1;1;1;1;1;1;1;1;1;1;1;1;1;1;1;1;0
"27601894";0;23;188;1;1;0;1;1;1;2;1;0;1;0;0;2;1;1;0;1;1;0;1;1;1;0;1;0;0
"27601899";0;69;190;1;1;0;1;1;1;2;1;0;1;1;2;1;1;1;1;1;1;0;1;1;1;1;1;1;1
"27601913";0;50;188;0;0;0;1;0;0;0;0;0;0;0;1;0;0;1;0;1;0;0;0;0;0;0;0;0;0
"27601915";1;40;194;1;0;0;1;0;1;0;0;0;0;1;2;1;0;0;1;0;1;0;1;0;0;0;1;1;0
"27601920";1;29;185;1;0;0;1;0;1;0;0;0;1;1;1;0;0;1;1;1;1;1;1;0;0;0;0;1;0
"27601922";1;53;190;1;1;0;0;0;1;0;0;0;0;1;1;0;1;1;1;1;1;1;0;1;1;1;1;0;0
"27601923";1;69;189;1;1;0;1;1;1;0;1;0;1;0;0;1;0;1;1;1;1;0;1;0;0;0;1;0;0
"27601925";1;64;188;0;0;0;0;0;1;0;1;0;0;0;0;1;0;0;1;0;0;1;1;0;0;0;1;1;0
"27601929";0;43;189;0;0;0;1;1;1;2;1;0;0;1;1;1;1;0;0;0;0;1;0;0;0;0;1;0;0
"27601940";1;16;191;0;0;0;0;0;0;0;0;0;0;0;0;1;0;1;0;1;0;0;0;0;0;0;0;0;0
"27601941";1;33;186;1;1;0;1;0;1;0;1;0;0;1;2;1;1;0;1;0;0;1;0;1;0;0;0;0;0
"27601942";0;40;186;1;1;0;1;0;1;0;1;0;0;1;2;1;1;0;1;0;0;1;0;1;0;0;0;0;0
"27601943";1;38;183;0;0;0;1;0;1;0;0;0;0;0;0;0;1;1;1;0;1;0;0;0;0;0;0;0;0
"27601950";0;43;187;0;0;0;0;1;0;0;0;0;1;0;0;0;0;0;1;1;1;1;1;0;0;0;0;0;0
"27601955";0;48;188;1;0;0;1;1;1;2;1;1;0;1;2;0;1;1;1;1;1;0;0;1;0;0;1;1;1
"27601959";1;45;191;0;0;0;0;0;1;0;1;0;0;0;0;0;0;0;1;1;1;1;1;1;0;0;0;0;0
"27601961";0;30;189;0;0;0;0;0;0;0;1;0;1;0;0;0;0;1;1;0;0;1;0;0;0;0;1;0;0
"27601965";1;67;194;1;0;0;1;0;1;0;1;0;1;1;1;1;1;1;1;1;1;1;1;0;0;1;0;1;0
"27601983";1;45;186;1;1;0;1;1;1;2;0;0;0;1;1;0;1;0;1;1;1;0;1;1;0;1;1;0;0
"27601987";0;29;194;1;1;0;0;0;1;1;1;1;0;0;0;1;1;1;1;0;0;1;1;0;1;0;1;0;0
"27601988";0;43;184;1;1;0;0;1;1;2;0;0;1;1;1;1;1;1;1;1;1;1;0;0;1;1;1;1;0
"27601989";1;50;190;1;1;1;1;1;1;2;1;0;1;1;2;0;0;0;1;1;1;1;0;0;0;0;1;0;0
"27601999";0;99;191;1;0;0;1;0;1;0;0;0;1;1;0;0;1;0;1;0;0;1;0;0;0;1;0;1;0
"27602007";1;69;186;1;0;0;1;0;1;0;0;0;0;1;1;1;1;0;1;1;1;0;1;1;0;0;1;0;0
"27602013";1;30;188;1;0;0;1;0;0;2;1;0;0;1;1;1;1;0;1;1;1;1;1;0;0;0;1;0;0
"27602016";1;54;193;1;1;1;1;1;1;2;0;0;1;1;1;2;1;1;1;1;1;1;1;1;1;0;1;1;0
"27602018";1;54;188;1;0;0;1;0;1;0;0;0;0;1;1;0;1;0;1;1;0;1;0;0;0;0;0;1;0
"27602023";0;56;192;1;1;1;1;1;1;2;1;0;1;0;0;1;1;1;1;0;1;1;0;0;0;1;0;0;0
"27602028";1;51;194;1;1;1;1;1;1;2;1;1;1;1;2;0;1;1;1;1;0;1;1;1;1;1;1;1;0
"27602034";1;50;183;0;1;0;1;1;1;2;0;1;0;0;1;1;1;1;1;1;1;1;1;0;1;1;1;1;0
"27602036";1;69;194;0;1;1;1;1;1;2;1;1;1;1;1;1;1;1;1;1;1;1;1;1;0;1;1;1;1
"27602041";1;99;186;0;1;0;0;0;1;2;0;0;1;1;0;0;1;1;1;1;1;1;1;1;1;1;1;0;0
"27602045";1;53;184;1;1;1;1;1;1;0;1;1;1;1;2;1;1;0;1;1;1;1;1;1;0;1;1;0;1
"27602048";1;43;189;1;1;1;1;1;1;2;0;1;1;1;2;0;1;1;1;1;1;1;1;1;0;1;1;1;1
"27602052";1;53;185;1;1;0;1;1;0;2;1;0;0;1;2;1;1;1;1;1;1;1;1;0;1;0;1;1;0
"27602058";1;85;183;1;1;0;1;1;1;2;1;1;1;1;0;0;0;1;1;1;1;1;1;1;0;1;1;1;1
"27602060";1;85;187;0;0;0;0;0;1;2;1;0;1;1;1;1;0;0;1;1;1;0;0;0;0;0;0;0;0
"27602064";0;51;186;1;0;0;1;1;1;2;0;1;0;0;2;2;1;0;1;1;1;0;1;1;0;0;0;1;0
"27602068";1;87;193;0;1;0;1;1;0;2;1;0;0;0;0;1;1;0;1;1;1;0;1;1;1;0;1;1;0
"27602081";1;69;191;0;1;0;0;0;1;2;1;0;0;1;0;1;1;0;1;1;1;1;1;0;0;0;1;0;0
"27602086";0;74;999;1;1;0;0;0;1;2;0;0;0;1;1;1;1;0;1;1;1;0;1;0;0;1;1;1;0
"27602089";1;43;194;1;0;0;1;0;1;2;0;0;0;0;2;0;1;0;1;0;1;0;0;1;0;0;1;1;0
"27602091";1;30;193;0;0;0;1;1;1;2;0;0;1;1;2;1;0;1;1;1;1;1;1;1;0;0;1;1;0
"27602093";1;34;194;0;1;0;1;1;0;2;1;0;0;1;2;1;1;1;1;1;1;1;1;1;1;0;1;1;0
"27602099";1;29;193;0;1;0;1;1;1;2;1;0;1;0;2;1;1;0;1;1;1;0;1;1;1;0;1;1;0
"27602104";0;45;183;0;0;0;0;0;0;0;0;0;0;0;0;0;0;0;0;1;0;0;0;0;0;0;0;1;1
"27602108";0;27;187;0;0;0;0;0;0;0;1;0;1;0;0;0;0;0;1;1;0;0;1;0;0;0;1;1;0
"27602118";1;69;184;0;1;1;1;1;1;2;1;0;1;1;2;0;1;1;1;1;1;1;0;1;1;0;1;1;0
"27602137";0;43;184;0;1;1;1;1;1;2;1;1;1;1;2;0;1;1;1;1;1;0;1;0;1;0;1;1;0
"27602139";0;51;188;1;1;1;1;1;1;0;0;0;0;0;2;1;1;0;1;0;1;1;1;1;0;1;1;0;0
"27602143";0;46;188;1;1;0;1;1;1;2;1;1;1;1;2;1;1;1;1;1;1;1;1;1;1;0;1;0;0
"27602145";0;55;188;1;1;0;0;1;0;0;0;0;0;0;0;0;1;0;0;0;1;1;1;0;1;0;1;0;0
"27602147";1;85;191;1;1;1;1;1;1;2;1;0;1;1;2;2;1;1;1;1;1;1;1;1;1;1;1;1;0
"27602148";0;83;194;1;0;0;1;1;1;2;1;0;0;1;0;1;0;1;1;1;1;1;1;1;0;0;1;0;0
"27602152";1;60;193;0;0;0;1;1;1;2;1;1;1;1;2;0;1;1;1;1;1;1;1;1;1;0;0;1;1
"27602154";0;23;192;1;1;0;1;1;1;1;1;0;1;1;0;1;1;1;1;1;1;1;1;1;1;1;0;1;0
"27602171";0;23;193;1;1;0;1;1;0;0;1;0;0;1;1;0;1;0;1;0;0;1;0;0;0;0;0;0;0
"27602172";1;38;191;1;0;0;0;1;1;0;1;1;1;0;0;0;1;0;1;1;1;0;0;0;0;0;0;1;0
"27602174";0;69;187;0;0;0;1;0;1;2;1;1;0;1;0;1;1;0;0;1;1;0;1;0;0;1;1;0;0
"27602198";1;39;184;1;1;1;0;1;1;2;0;1;1;1;2;0;1;1;1;1;1;1;1;1;1;1;1;1;0
"27602199";1;51;191;0;1;1;1;1;1;2;1;0;0;1;2;1;0;1;1;1;1;1;1;1;1;0;1;0;1
"27602204";0;58;187;1;1;1;1;1;1;2;1;0;0;1;2;2;1;1;1;1;1;1;1;1;1;1;1;1;1
"27602205";1;53;191;1;1;0;1;0;0;2;1;1;1;1;2;1;1;1;1;1;1;1;1;0;0;1;1;1;0
"27602212";0;69;193;1;1;1;1;0;1;2;0;1;0;1;2;2;1;1;1;1;1;1;1;1;1;1;1;1;1
"27602217";0;88;999;1;1;1;1;1;1;1;0;0;1;1;2;1;1;1;1;1;1;1;1;1;1;1;1;0;0
"27602222";0;51;184;0;0;0;0;0;1;2;0;1;1;1;2;1;1;0;1;1;1;1;1;1;0;1;1;0;1
"27602225";1;56;184;1;1;0;0;1;1;0;0;0;0;0;0;1;0;0;1;1;0;0;1;0;0;1;1;0;0
"27602227";0;37;189;0;0;0;0;0;0;0;0;0;0;1;0;0;0;0;0;0;0;0;0;0;0;0;0;0;0
"27602232";0;43;193;1;1;0;1;0;0;0;1;0;0;1;1;0;0;0;1;0;0;1;1;1;0;0;1;0;0
"27602234";0;67;183;1;1;0;0;0;1;0;0;0;0;1;0;0;1;0;1;0;1;0;1;0;0;0;1;0;0
"27602236";0;50;194;1;1;1;1;0;1;1;1;0;0;1;0;0;1;1;1;1;1;1;1;1;0;0;1;1;0
"27602242";0;39;191;0;0;0;0;0;0;0;0;0;0;0;0;0;0;0;1;1;1;1;0;0;0;0;0;0;0
"27602243";0;56;192;1;1;0;1;0;0;0;0;0;1;0;0;0;0;1;1;1;1;1;1;0;0;0;0;0;0
"27602244";1;45;186;0;0;0;1;0;1;0;1;0;1;1;0;0;0;0;0;0;0;0;0;0;0;0;1;0;0
"27602276";1;40;188;1;1;0;1;1;1;2;1;0;0;0;0;1;1;1;1;1;1;0;1;1;1;0;1;0;0
"27602277";0;39;183;1;0;0;1;1;1;0;0;0;1;0;1;1;1;0;1;1;1;1;1;1;0;0;1;0;0
"27602278";1;45;189;0;1;1;1;1;1;2;0;0;0;0;1;1;1;1;1;1;0;1;1;1;0;1;0;1;0
"27602282";0;53;194;0;1;0;1;1;1;2;1;0;1;1;2;1;1;1;1;1;1;0;1;0;1;1;1;1;0
"27602291";0;29;183;0;0;0;0;0;1;2;0;0;0;1;1;1;1;0;1;1;0;1;0;1;0;0;0;1;1
"27602295";1;53;186;0;0;0;1;1;1;2;0;0;0;1;0;0;1;1;0;1;1;1;1;0;0;0;1;1;0
"27602297";1;43;193;1;0;0;1;0;1;2;0;0;1;0;1;0;1;1;1;1;1;1;1;0;0;0;1;1;0
"27602304";1;99;186;1;0;0;0;0;1;2;0;0;1;0;0;1;0;0;0;1;0;0;0;1;0;0;0;0;0
"27602307";1;51;187;1;0;0;1;1;1;2;1;0;0;1;0;2;1;1;1;1;0;1;1;1;1;1;0;1;0
"27602312";1;34;187;1;0;0;1;0;1;2;1;1;1;0;2;1;0;1;1;0;1;1;1;0;1;0;1;0;0
"27602314";0;56;185;1;0;0;0;0;1;0;1;0;1;1;2;1;0;1;1;1;1;0;1;0;0;0;1;0;0
"27602319";0;32;188;1;0;0;1;1;0;0;0;0;1;1;0;0;0;0;0;1;1;0;0;0;0;0;0;0;0
"27602320";0;43;186;1;1;0;1;1;0;0;0;0;0;1;0;0;0;0;1;1;0;1;1;0;0;0;0;0;0
"27602335";1;43;184;0;1;0;1;1;0;0;0;0;0;0;1;0;1;0;1;0;1;1;0;1;0;0;1;0;0
"27602342";1;40;184;1;0;0;1;1;1;2;0;1;0;0;1;1;0;1;1;1;1;1;1;0;0;0;1;1;0
"27602344";1;53;186;1;1;0;1;1;1;2;1;1;1;1;2;1;1;1;1;1;0;1;1;1;1;1;1;0;0
"27602346";1;68;194;0;0;0;1;1;1;0;1;0;1;1;1;0;0;0;1;1;1;1;1;0;0;1;1;1;0
"27602348";0;23;183;1;1;1;1;1;1;2;0;1;0;1;2;1;1;1;1;1;1;1;1;1;1;0;1;1;0
"27602349";0;43;193;1;0;0;0;0;1;0;0;0;1;0;0;0;1;0;0;0;0;1;0;0;0;0;0;0;0
"27602350";0;45;186;0;1;0;1;0;0;0;0;0;0;0;0;0;0;0;0;0;1;1;0;0;0;0;0;0;0
"27602359";1;51;186;0;0;0;0;1;1;0;0;0;1;0;1;1;0;0;1;1;1;1;1;0;0;0;1;0;0
"27602363";0;30;185;0;0;0;1;1;0;0;0;0;0;0;0;0;0;1;0;0;0;1;1;0;0;0;0;0;0
"27602364";1;38;188;1;0;0;1;0;0;0;0;0;0;1;1;0;0;0;1;1;1;1;0;0;0;0;0;1;1
"27602369";0;30;183;1;1;1;0;0;0;0;0;0;1;0;0;0;1;0;1;1;0;0;0;0;0;0;1;0;1
"27602371";1;68;189;1;0;0;1;1;1;1;0;0;1;1;1;1;0;1;1;1;1;1;1;0;1;0;1;1;1
"27602385";1;43;194;0;0;0;1;0;0;2;1;0;0;0;0;1;0;0;0;0;0;1;0;1;0;0;1;0;0
"27602387";0;49;194;1;1;0;1;0;1;0;0;1;0;0;2;1;1;1;1;0;1;1;1;0;0;0;1;1;0
"27602391";0;30;187;1;0;1;1;0;1;0;1;1;0;0;1;0;0;0;1;1;1;1;0;0;0;0;0;0;0
"27602394";0;43;187;1;0;0;1;0;1;0;0;0;0;1;1;1;1;1;1;1;1;0;1;0;1;1;1;1;0
"27602396";0;73;184;1;0;0;1;0;1;0;1;0;0;1;1;0;1;1;1;1;0;0;0;0;0;0;1;0;0
"27602398";0;43;192;0;0;0;1;0;1;0;1;0;1;0;0;1;0;1;1;0;1;1;0;0;0;0;1;1;0
"27602403";0;60;190;1;0;0;1;1;0;1;1;0;0;0;0;0;1;0;1;1;1;1;1;0;0;0;0;0;0
"27602404";0;51;187;0;0;0;0;0;1;1;0;0;0;1;0;0;0;0;1;0;0;0;1;1;1;0;1;0;0
"27602405";1;50;194;0;0;0;1;1;0;1;0;1;0;1;0;0;0;0;1;1;1;0;1;0;0;1;1;1;0
"27602412";0;37;190;1;0;0;1;1;1;1;0;0;1;1;0;0;1;1;1;1;1;1;1;0;0;0;1;0;0
"27602423";1;23;187;0;0;0;1;0;0;0;0;0;0;1;0;0;0;0;0;1;0;1;0;0;0;1;0;0;0
"27602428";1;69;190;0;0;0;1;0;0;0;0;1;1;0;1;1;0;0;0;1;1;1;0;0;0;0;0;0;0
"27602432";1;99;193;1;1;1;1;0;1;0;0;0;0;0;0;0;0;1;1;1;0;1;0;0;0;0;0;0;0
"27602434";0;51;194;0;0;0;0;0;1;0;1;1;0;0;2;0;0;0;1;1;1;1;1;0;0;0;0;0;0
"27602440";0;51;188;0;1;0;1;1;1;2;1;0;1;1;1;0;1;1;1;1;0;1;1;1;0;1;0;0;0
"27602457";0;67;187;1;1;0;0;1;0;0;1;0;0;0;0;0;1;1;1;1;1;0;1;1;0;0;0;0;1
"27602458";1;56;192;1;1;0;1;0;1;2;0;1;1;0;2;1;1;1;1;1;1;1;1;1;1;0;1;1;0
"27602459";0;30;183;1;1;0;1;1;1;2;1;0;1;1;0;1;0;1;1;1;0;1;1;1;0;0;1;1;1
"27602461";0;43;191;1;1;0;1;1;1;2;0;1;1;1;1;1;1;1;1;1;1;1;1;1;1;1;1;1;1
"27602462";1;34;183;0;0;0;0;0;1;2;1;1;1;1;1;0;0;0;1;1;1;1;1;0;1;0;1;0;0
"27602464";1;56;188;1;0;0;1;0;1;2;1;0;0;1;1;0;1;0;0;1;1;1;1;1;0;0;1;1;1
"27602469";0;99;183;1;0;0;0;1;0;2;0;0;0;0;0;0;1;0;1;1;1;0;0;0;0;0;0;0;0
"27602473";1;34;188;1;1;0;0;0;0;2;1;1;0;0;0;1;0;0;0;1;0;0;1;0;0;0;1;0;0
"27602477";1;38;190;1;0;0;1;1;1;0;1;0;1;1;2;2;1;1;1;1;1;1;1;1;0;1;1;1;0
"27602478";0;52;188;1;1;0;1;0;1;0;0;0;0;1;1;1;1;1;1;0;1;1;1;0;0;0;1;0;0
"27602479";0;51;189;1;1;1;1;1;1;2;0;0;0;1;1;2;1;0;0;1;1;1;1;1;0;0;1;1;0
"27602483";1;53;190;0;0;0;0;0;1;2;1;0;0;0;0;0;0;0;1;1;1;0;0;1;0;0;1;1;1
"27602489";1;55;187;1;1;0;1;1;1;2;0;0;0;0;0;1;1;1;1;0;1;1;1;1;0;0;1;1;0
"27602490";1;51;186;1;1;1;1;1;1;2;1;0;0;1;1;2;1;0;1;1;1;1;1;0;0;0;1;1;0
"27602504";0;25;190;1;1;1;1;1;1;2;1;0;1;1;0;2;1;1;0;1;1;1;1;0;1;1;1;1;0
"27602505";0;38;186;1;1;1;1;1;1;0;0;0;1;0;2;2;1;0;1;1;0;1;1;0;0;1;1;0;0
"27602512";0;30;186;0;0;0;1;1;0;0;0;0;0;0;0;0;0;1;0;1;1;0;0;0;0;0;0;0;0
"27602527";1;53;193;1;1;1;1;1;1;2;1;1;1;1;2;2;1;1;1;1;1;1;1;1;1;1;0;1;0
"27602531";1;50;191;0;1;0;1;1;1;2;1;1;0;1;1;0;1;1;1;1;1;0;0;1;1;1;1;1;1
"27602536";1;33;190;1;0;0;1;1;1;2;1;0;0;1;1;0;1;1;1;1;1;1;1;1;1;1;1;1;0
"27602537";1;70;189;1;1;1;1;1;1;2;1;1;1;1;1;2;1;1;1;1;1;1;1;1;1;1;1;0;0
"27602543";0;87;194;1;1;1;1;1;1;2;0;0;0;1;1;1;1;0;1;1;1;0;1;1;0;0;1;0;0
"27602547";0;59;191;1;1;1;1;0;1;0;1;1;0;1;1;2;1;1;1;1;1;0;1;1;0;0;1;1;0
"27602549";0;88;188;0;1;0;1;1;0;0;1;1;1;0;2;0;0;0;1;1;1;0;1;1;0;0;1;0;0
"27602552";0;73;189;0;1;0;1;0;1;0;1;0;0;0;0;0;0;1;1;0;1;1;1;0;0;1;0;1;0
"27602554";0;38;193;1;1;1;1;1;1;0;1;0;1;1;2;1;1;1;1;1;1;1;1;1;1;1;1;1;1
"27602559";0;68;190;1;0;0;1;1;1;1;1;0;0;1;1;1;1;0;1;1;1;1;1;1;0;1;1;0;0
"27602562";1;43;190;1;1;0;1;1;1;2;0;1;0;1;2;0;1;1;1;1;1;1;1;1;1;0;1;1;1
"27602565";0;69;188;1;1;1;0;0;1;2;1;1;1;1;2;0;0;0;1;1;1;1;1;0;1;1;1;1;0
"27602593";1;67;187;1;1;1;1;1;1;2;1;0;1;1;2;1;1;1;1;1;1;0;1;1;1;1;1;1;0
"27602598";0;68;189;0;0;0;0;0;1;0;1;0;1;1;1;1;0;1;1;1;1;1;0;0;0;0;1;1;0
"27602599";0;83;189;1;1;1;1;1;1;2;0;1;1;1;2;2;1;1;1;1;1;0;1;1;1;0;1;0;1
"27602600";1;83;183;1;1;1;1;1;1;2;1;0;0;1;2;1;1;1;1;1;1;1;1;1;1;1;1;1;1
"27602601";0;88;193;0;1;1;1;0;1;2;1;0;1;1;1;1;1;1;1;0;1;1;1;1;1;0;1;1;0
"27602602";0;69;185;1;1;1;1;1;1;2;1;1;1;1;2;1;1;1;1;1;1;1;1;1;1;1;1;1;1
"27602605";1;38;186;0;1;0;0;0;0;0;1;0;0;0;0;0;0;0;0;1;0;1;0;0;0;0;1;0;0
"27602612";0;30;187;1;0;1;1;1;1;0;0;0;0;0;1;0;1;0;0;0;0;0;1;0;0;0;1;0;0
"27602618";1;30;191;0;0;0;1;1;1;0;0;0;0;0;1;0;0;1;0;0;0;0;1;0;0;0;1;0;0
"27602624";0;99;187;1;0;0;1;0;0;0;0;0;0;0;0;0;0;1;0;0;0;1;0;0;0;0;0;0;0
"27602626";1;99;188;0;0;0;0;0;0;0;0;0;0;0;0;0;1;0;1;1;0;1;1;1;0;0;1;0;0
"27602632";1;43;186;1;0;0;0;0;0;0;0;0;0;0;0;0;0;0;0;1;0;1;0;0;0;0;1;0;0
"27602633";0;40;185;0;1;0;1;1;0;0;1;0;1;1;1;0;1;1;1;1;1;1;1;0;0;0;1;0;0
"27602635";1;32;190;0;0;0;1;1;1;0;0;0;0;0;2;1;0;1;1;1;0;1;1;0;0;0;1;0;0
"27602636";1;38;191;0;0;1;0;0;0;1;0;0;1;1;1;0;1;0;0;0;0;0;0;0;0;0;0;1;0
"27602640";0;34;190;0;0;0;0;0;0;0;0;0;0;1;0;0;0;0;1;0;0;0;0;0;0;0;0;1;0
"27602645";0;21;193;1;0;0;1;1;0;0;0;0;0;1;2;0;1;0;1;1;1;1;1;0;0;1;1;0;0
"27602653";0;51;191;1;1;1;1;1;1;2;0;0;1;1;2;0;1;0;1;1;1;1;1;1;0;0;1;1;0
"27602657";1;50;192;1;0;0;1;0;1;2;1;0;0;1;0;0;1;1;1;1;1;1;1;1;1;0;1;1;0
"27602664";0;60;183;0;0;0;0;1;1;2;1;0;0;0;1;1;1;0;1;0;1;1;1;1;1;0;1;1;0
"27602668";1;51;186;0;1;0;1;0;1;2;0;1;1;0;2;1;1;1;1;1;1;1;1;1;1;0;1;1;0
"27602674";0;43;193;1;1;0;1;0;1;2;1;0;0;1;1;2;1;1;0;1;1;1;1;0;0;0;0;1;0
"27602679";0;43;192;0;0;0;1;1;1;2;0;0;1;1;1;1;0;1;1;0;0;1;1;0;1;0;1;0;1
"27602681";0;67;191;1;1;1;1;1;1;2;1;1;0;1;2;2;1;1;1;1;0;1;1;1;1;0;1;1;1
"27602685";0;67;188;1;1;1;1;1;1;2;1;0;1;1;2;1;1;1;1;1;1;1;1;1;1;1;1;1;0
"27602688";1;68;193;1;0;1;1;1;1;2;0;1;1;1;1;1;1;1;1;1;1;1;1;1;0;1;1;0;1
"27602696";1;61;187;0;1;1;1;0;0;0;1;0;1;1;0;1;1;1;1;1;0;1;1;1;1;0;1;1;0
"27602705";0;54;187;1;1;0;1;1;1;2;1;1;1;1;1;2;0;0;1;1;1;1;0;1;0;0;0;1;0
"27602713";1;29;186;1;1;0;0;0;1;0;0;0;1;1;1;1;0;0;0;1;1;1;1;0;0;0;1;1;1
"27602714";0;43;186;1;1;0;0;0;1;1;1;1;0;1;1;1;1;0;0;0;0;1;1;0;0;1;1;0;0
"27602718";0;65;186;0;0;0;0;0;1;0;0;0;1;1;1;0;0;0;1;1;0;0;0;0;0;0;0;0;0
"27602719";1;99;189;0;0;0;0;0;0;0;0;0;0;0;0;0;0;0;1;1;1;1;0;0;0;0;0;0;0
"27602724";0;32;190;1;0;1;1;0;1;2;0;0;1;1;2;1;1;1;1;1;0;1;1;0;0;1;1;1;0
"27602725";1;34;193;0;0;0;0;0;1;0;1;0;0;1;0;0;0;0;0;1;1;0;1;0;0;0;1;0;0
"27602726";0;29;191;1;1;1;1;1;1;0;0;1;1;1;2;1;1;1;0;1;1;0;1;1;1;0;1;0;0
"27602735";1;53;194;1;0;0;0;0;0;0;0;0;0;0;0;0;0;0;1;1;1;0;1;0;0;0;1;0;0
"27602737";1;30;189;1;0;0;1;0;0;0;0;0;0;0;1;1;0;1;1;0;1;1;0;0;0;0;0;0;0
"27602738";0;40;192;1;0;0;0;0;0;0;0;0;1;0;0;0;1;0;0;1;1;1;1;0;0;0;1;0;0
"27602743";0;69;192;0;0;0;0;0;1;0;0;0;0;0;0;0;0;0;0;1;1;0;0;0;0;0;0;0;0
"27602760";0;53;185;1;1;0;1;0;1;0;1;0;1;1;2;1;1;0;1;1;1;1;0;0;0;0;1;0;0
"27602761";0;38;183;1;0;1;1;0;1;0;0;0;0;0;0;0;0;1;0;0;0;1;0;0;0;0;0;0;0
"27602770";1;51;191;1;1;1;1;1;1;1;1;1;1;1;2;1;1;1;1;1;1;1;1;1;1;1;1;1;0
"27602772";1;69;190;1;0;0;0;1;1;1;1;0;1;0;1;0;1;1;1;1;1;1;1;1;1;1;1;1;0
"27602774";0;34;189;1;1;0;1;1;0;0;1;0;0;1;2;1;1;1;1;0;1;1;1;1;0;0;1;1;0
"27602784";0;70;187;1;1;0;1;0;0;0;0;0;0;0;0;0;1;0;1;1;0;1;1;1;0;0;1;1;0
"27602786";0;29;194;1;0;0;1;1;1;0;0;0;0;1;2;1;1;0;1;1;0;1;0;1;0;0;0;0;0
"27602789";1;53;183;0;0;0;1;0;1;2;0;0;0;0;0;0;0;0;0;1;0;0;1;1;0;0;1;0;0
"27602795";0;38;190;1;0;0;1;0;1;0;0;0;0;0;0;0;1;0;0;1;0;1;0;0;0;0;0;0;0
"27602804";1;51;191;0;1;1;1;1;1;0;0;0;1;1;2;1;1;1;1;1;0;1;1;1;1;1;1;0;0
"27602811";1;28;192;0;1;0;1;0;1;2;0;0;0;1;1;1;0;1;1;1;1;1;1;1;1;0;1;1;0
"27602813";1;51;183;0;1;0;1;1;1;2;1;1;0;1;2;1;1;1;1;1;1;1;1;1;0;0;1;1;1
"27602814";1;51;190;1;1;0;1;0;1;1;0;0;1;1;1;1;1;0;1;1;1;1;1;1;1;0;1;1;0
"27602816";1;69;187;1;1;0;1;1;1;2;1;0;1;1;2;2;1;0;1;1;1;1;1;1;1;0;1;1;1
"27602819";1;53;184;1;1;0;1;1;1;2;1;1;1;1;1;1;1;1;1;1;1;1;1;1;1;1;1;1;0
"27602827";1;38;192;0;0;0;1;1;1;0;0;1;1;1;2;1;1;1;1;1;0;1;1;1;0;0;0;0;0
"27602831";1;34;188;0;0;0;1;1;1;1;1;0;0;1;1;1;1;0;1;1;0;1;1;0;0;0;1;1;0
"27602839";0;50;193;1;1;1;1;1;1;1;1;0;0;1;1;1;1;1;1;1;1;1;1;1;0;1;1;0;0
"27602841";1;69;187;0;0;0;0;0;1;0;0;0;0;1;1;2;0;1;1;1;0;1;1;1;1;1;1;1;1
"27602845";1;67;190;0;1;0;1;1;1;2;1;0;1;1;1;1;1;1;1;1;1;1;1;1;0;1;1;1;0
"27602851";1;30;190;0;0;0;0;0;1;1;0;0;0;1;0;0;1;0;1;1;0;1;1;1;0;0;1;0;0
"27602853";0;52;194;0;0;0;0;0;1;0;0;0;0;1;1;2;0;0;1;1;1;1;0;1;0;1;1;1;0
"27602858";1;40;194;0;0;1;1;1;1;1;0;0;0;1;1;1;0;1;1;1;1;1;1;1;1;1;1;1;0
"27602860";0;23;193;1;0;0;1;0;0;0;0;0;0;0;0;1;0;0;1;0;0;1;1;0;0;0;0;0;0
"27602869";0;46;192;1;1;0;1;1;1;2;0;0;1;0;2;1;1;1;1;1;1;1;1;1;0;1;1;0;0
"27602870";0;51;188;1;1;1;1;1;1;0;1;0;1;1;2;1;1;1;1;1;0;1;1;1;1;1;1;1;0
"27602874";1;55;193;1;1;1;1;0;1;2;0;0;0;1;0;1;1;1;1;1;0;1;1;1;1;1;1;1;0
"27602875";1;50;188;0;0;0;1;1;1;0;0;0;0;1;0;0;0;0;1;1;1;1;1;0;0;0;1;0;0
"27602877";0;56;183;1;1;1;1;1;1;0;0;1;1;1;2;1;1;1;1;1;1;1;1;1;1;1;1;1;0
"27602878";1;67;189;0;1;0;1;0;1;2;1;0;1;1;1;1;1;1;1;1;1;1;1;1;0;0;0;1;1
"27602890";1;87;189;0;0;0;1;0;1;1;1;0;1;0;1;1;1;1;1;1;1;0;1;0;1;0;1;0;0
"27602895";1;30;194;1;0;0;1;1;1;2;1;1;1;1;2;2;1;1;1;1;1;1;1;1;1;1;1;1;0
"27602897";1;69;190;1;1;0;1;1;1;0;0;1;1;0;1;2;1;1;1;1;1;1;1;1;1;1;1;1;1
"27602898";1;59;187;0;0;0;1;1;1;1;1;0;0;1;2;0;1;1;1;1;1;1;0;1;1;1;1;1;1
"27602900";1;69;188;1;0;1;1;0;1;2;1;0;1;1;0;1;1;1;1;1;1;1;1;1;1;1;1;1;1
"27602906";0;61;187;1;1;1;1;1;1;2;0;0;0;1;1;2;0;1;1;1;1;1;0;1;0;0;0;0;0
"27602918";1;25;190;1;0;0;1;0;1;2;0;1;0;1;0;0;1;1;1;1;1;0;1;0;1;0;1;0;1
"27602920";1;51;194;1;0;1;1;1;1;2;0;1;0;1;1;1;1;0;1;1;1;1;1;0;0;0;1;0;0
"27602923";1;70;194;0;0;0;1;0;1;2;0;0;0;0;0;0;1;1;0;0;1;1;1;0;0;0;1;0;0
"27602927";0;69;183;0;0;0;0;0;1;0;1;0;0;0;0;1;1;0;0;1;1;0;0;0;0;0;0;0;0
"27602929";1;40;189;1;1;0;1;1;0;2;0;0;1;1;1;1;1;1;1;1;1;1;1;1;1;1;1;1;0
"27602940";1;43;188;0;0;0;0;0;1;0;1;1;0;1;1;1;1;1;0;1;1;0;1;1;0;0;1;1;0
"27602941";0;53;183;0;1;0;1;1;1;0;1;1;0;0;2;0;1;1;1;0;0;1;0;0;0;0;0;1;0
"27602948";0;38;192;1;1;1;1;1;1;0;0;0;0;1;2;1;1;0;1;1;1;0;1;0;0;1;1;0;0
"27602951";1;43;192;0;1;0;1;0;0;0;0;0;0;1;1;1;1;1;1;0;1;1;1;0;1;0;1;0;0
"27602954";1;69;192;0;1;0;1;1;1;1;1;0;1;0;1;1;1;1;1;1;1;1;1;1;0;1;1;1;1
"27602960";1;53;193;1;1;1;1;1;1;2;1;1;1;1;2;1;0;1;1;1;1;1;1;1;1;1;1;1;1
"27602967";0;88;184;1;1;1;1;1;1;2;0;0;0;1;2;1;1;0;1;1;1;1;0;1;0;0;0;1;0
"27602973";1;69;187;0;1;0;0;1;1;2;1;1;1;1;2;1;1;1;1;1;1;1;1;1;1;1;1;0;1
"27602974";1;53;194;1;1;1;1;1;1;2;1;1;0;1;2;1;1;1;1;1;1;1;1;1;1;1;1;1;1
"27602977";1;67;185;1;1;1;1;0;1;2;1;0;1;1;1;1;1;1;1;1;1;1;1;1;1;1;1;1;1
"27602980";1;43;189;0;0;0;1;0;0;2;0;0;0;1;0;0;1;0;0;1;0;0;1;0;0;0;0;0;0
"27602989";1;23;188;1;0;0;0;0;0;0;0;0;0;0;0;2;1;0;1;0;0;1;1;0;0;0;1;0;0
"27602990";0;73;184;1;0;0;1;1;0;0;1;0;1;1;0;2;0;0;1;1;1;0;1;0;0;0;0;0;0
"27602992";1;30;190;1;0;0;0;0;1;0;0;0;0;0;0;0;1;0;0;0;1;1;1;0;0;0;1;1;0
"27602993";1;68;187;1;0;0;0;1;1;1;1;0;0;1;1;1;1;0;1;1;1;1;1;0;0;1;1;1;0
"27603000";0;34;190;1;1;0;1;1;1;1;1;0;0;1;2;1;0;1;1;1;0;1;1;1;1;0;0;1;0
"27603001";1;34;194;0;1;0;1;0;0;1;0;0;0;0;0;1;1;0;1;1;1;0;1;0;0;0;0;0;1
"27603009";0;43;191;1;1;0;1;1;0;0;0;0;1;0;1;1;0;0;1;0;0;1;1;0;0;0;0;0;0
"27603012";0;55;189;0;1;1;1;0;1;2;1;1;0;1;1;0;1;0;0;1;1;1;1;1;1;1;1;0;0
"27603017";1;30;188;1;0;0;1;1;1;0;1;0;0;1;0;0;0;0;1;0;1;0;0;0;0;0;1;0;0
"27603020";1;51;194;0;1;0;1;1;1;1;0;0;1;1;1;1;1;0;0;0;1;1;1;0;0;0;1;0;0
"27603021";1;38;183;0;0;0;0;0;0;1;1;0;0;0;0;0;0;0;0;1;1;1;0;0;0;0;0;0;0
"27603025";0;69;192;1;1;0;1;1;1;2;0;0;0;1;2;1;1;1;1;1;1;1;0;1;1;0;0;0;0
"27603039";1;38;189;0;0;0;0;1;1;0;0;0;1;0;1;0;0;1;1;0;0;0;0;0;0;0;0;1;0
"27603040";1;30;187;0;0;0;0;0;0;0;0;0;0;0;0;0;0;0;0;1;0;1;0;0;0;0;0;0;0
"27603044";0;39;183;1;0;1;0;0;0;2;0;0;0;0;0;0;0;0;1;1;0;1;0;0;0;0;0;0;0
"27603046";1;30;189;0;0;0;0;0;0;2;1;1;1;0;0;0;0;0;1;0;1;0;1;0;0;0;0;1;1
"27603051";1;43;185;1;0;0;1;1;1;0;1;0;0;0;0;0;0;0;1;1;1;0;1;0;0;0;1;0;0
"27603057";0;43;183;0;1;0;1;1;0;0;1;0;0;0;0;0;1;0;0;0;0;0;1;0;0;0;0;0;0
"27603061";0;43;193;1;0;0;0;0;0;0;0;0;0;0;1;0;0;0;1;0;0;0;0;0;0;0;0;0;0
"27603062";0;56;188;0;1;0;1;0;0;0;0;0;0;1;2;1;0;0;1;1;0;1;0;0;0;0;0;0;0
"27603071";0;43;183;0;0;0;0;0;0;0;0;0;0;0;0;0;0;0;0;1;0;0;0;0;0;0;0;0;0
"27603073";0;50;192;0;0;0;0;0;1;0;0;0;0;0;0;0;1;0;1;1;0;0;0;0;0;0;1;0;0
"27603077";1;74;187;0;0;0;1;1;0;0;0;0;0;0;1;1;1;0;0;1;0;0;1;1;0;0;0;0;0
"27603078";0;23;189;0;0;0;0;0;0;0;0;0;0;0;0;0;0;0;0;0;0;0;0;0;0;0;1;0;0
"27603084";1;99;187;0;0;0;1;0;0;0;1;0;1;1;0;0;0;0;1;0;0;1;0;0;0;0;1;0;0
"27603087";1;52;188;0;0;0;0;0;0;0;0;0;1;0;0;0;0;0;1;1;0;1;0;0;0;0;1;0;0
"27603089";1;30;194;0;0;0;0;0;0;1;1;0;1;0;0;0;0;0;1;0;1;0;1;0;0;0;0;0;0
"27603093";1;25;185;1;0;0;1;0;1;1;1;0;1;1;2;1;1;1;1;1;0;1;1;0;0;0;1;1;1
"27603097";0;43;190;1;1;1;1;1;1;2;0;0;1;0;2;0;1;1;1;1;0;1;0;0;1;0;1;0;0
"27603100";1;29;190;1;1;0;1;1;0;0;0;0;0;0;1;0;0;0;1;0;1;0;0;0;0;0;0;0;0
"27603103";0;55;188;1;0;0;1;1;1;1;1;1;1;1;0;0;0;1;1;1;0;0;1;1;0;0;0;0;0
"27603105";0;27;184;1;1;0;0;0;1;0;1;0;0;0;0;0;0;0;1;1;1;1;1;0;0;0;0;0;0
"27603121";0;43;193;1;1;1;1;1;1;2;0;0;1;1;1;1;1;1;1;1;1;1;1;1;1;1;1;1;1
"27603125";0;51;187;0;1;1;1;1;1;2;1;0;0;1;0;1;1;1;1;1;1;1;1;1;0;1;0;1;1
"27603129";0;51;186;1;1;1;1;1;1;2;0;0;0;1;1;0;1;0;1;1;1;1;0;0;0;0;0;0;0
"27603132";1;69;188;1;0;1;1;1;1;2;0;0;0;1;2;1;1;1;1;1;1;1;1;1;0;0;1;1;1
"27603136";0;71;192;1;1;1;1;1;1;2;1;0;0;1;2;1;1;1;1;1;1;1;1;1;1;1;1;1;0
"27603148";0;88;193;1;1;0;1;0;1;2;0;1;0;1;0;0;0;0;1;0;1;1;0;1;0;0;1;0;0
"27603151";1;43;191;1;1;1;1;1;1;2;1;1;0;1;2;1;1;1;1;1;1;1;0;0;1;1;1;1;1
"27603156";0;51;183;1;1;0;1;1;1;0;1;0;1;1;2;1;1;1;1;1;1;1;0;1;0;0;1;1;1
"27603160";0;56;188;1;0;0;1;0;1;0;0;1;1;1;0;1;0;1;1;1;0;1;1;0;1;1;1;1;0
"27603173";1;69;187;1;1;1;1;1;1;2;0;1;0;1;2;1;1;1;1;1;1;0;1;1;1;1;1;1;1
"27603178";0;69;188;0;0;0;0;0;1;2;1;0;1;1;2;0;0;1;1;1;0;1;1;1;1;1;1;1;0
"27603183";1;88;186;0;1;1;1;1;1;2;0;0;1;1;1;1;1;1;1;1;1;1;1;1;0;0;1;1;0
"27603184";0;73;191;1;1;0;1;1;1;2;0;0;1;1;2;1;1;0;1;1;1;0;0;1;0;0;0;0;0
"27603185";1;51;190;0;0;0;0;0;1;2;1;0;0;1;2;1;1;1;1;1;1;1;1;1;1;0;1;0;1
"27603186";0;49;187;1;1;0;1;1;1;2;1;1;1;1;2;1;0;1;1;1;1;1;1;0;1;1;1;1;1
"27603190";0;34;185;1;0;0;1;1;1;0;1;0;1;0;1;0;0;0;1;0;1;0;1;0;0;0;1;0;0
"27603199";1;38;185;1;1;0;1;1;0;2;0;0;0;0;0;0;1;0;1;1;0;0;1;0;0;0;1;0;0
"27603203";0;28;183;1;0;0;0;1;0;1;1;0;0;1;0;0;0;0;0;0;1;1;0;0;0;1;0;0;0
"27603204";1;73;186;1;0;0;0;0;0;0;0;0;0;0;1;1;1;0;1;1;1;0;1;0;0;0;1;1;0
"27603205";0;23;999;1;0;0;0;1;0;0;0;0;0;0;0;0;0;1;0;0;0;0;0;0;0;0;0;0;0
"27603208";0;59;183;1;0;0;1;1;1;2;0;1;0;1;2;1;1;1;1;1;1;1;0;0;0;0;0;1;0
"27603222";0;34;999;0;0;0;0;0;1;2;0;0;1;1;2;1;1;0;1;0;1;1;1;1;0;0;1;0;0
"27603224";0;29;192;0;0;0;0;0;1;1;0;0;0;0;1;1;1;0;0;0;0;0;0;1;0;0;1;0;0
"27603225";1;56;186;0;0;0;0;0;0;0;1;0;0;0;1;1;1;0;1;0;1;0;1;0;0;0;0;0;0
"27603226";1;30;190;1;0;0;1;0;1;0;0;1;0;1;2;0;1;0;0;1;1;1;1;1;0;0;0;0;0
"27603228";0;43;185;0;0;0;1;1;1;0;1;0;0;1;1;0;1;0;0;1;0;1;0;1;0;0;0;0;0
"27603233";0;19;185;1;1;0;1;1;1;0;0;0;0;1;0;0;0;0;1;1;0;1;1;0;0;0;1;0;0
"27603240";0;33;185;1;0;0;1;0;0;0;1;0;0;0;0;1;0;0;0;0;0;1;1;1;0;0;1;0;0
"27603243";1;38;194;1;1;0;1;0;1;1;1;0;0;1;1;0;1;0;0;1;1;1;0;1;1;0;0;1;0
"27603250";1;69;192;1;1;0;1;0;1;2;0;0;1;0;0;1;1;1;1;1;1;0;1;1;0;1;1;0;0
"27603252";1;30;188;1;1;0;1;1;1;0;0;0;1;0;0;1;0;1;0;1;0;0;0;0;0;0;1;0;0
"27603259";1;40;194;1;1;1;1;1;1;2;1;0;0;1;2;1;1;1;1;1;0;1;1;1;1;1;1;1;1
"27603262";1;56;185;0;1;1;1;1;1;2;1;1;1;1;1;1;1;1;1;1;1;1;1;1;1;1;1;1;1
"27603267";1;52;185;1;1;1;1;1;1;1;0;0;1;1;2;1;0;1;1;1;1;0;1;1;1;1;1;1;0
"27603273";0;55;189;0;1;0;1;1;1;1;1;0;0;0;0;0;0;0;1;1;1;1;1;1;0;0;0;1;0
"27603278";0;67;194;1;1;1;1;1;1;2;0;1;1;1;1;1;0;1;1;1;1;1;1;0;0;1;1;1;0
"27603279";0;52;190;1;1;1;1;1;0;0;0;0;0;1;0;1;1;0;1;0;1;1;1;0;0;0;0;0;0
"27603290";0;30;185;1;0;0;0;0;0;0;0;0;0;1;0;1;0;1;0;1;1;0;1;1;0;0;0;0;0
"27603295";1;30;184;0;0;0;0;0;0;0;0;0;0;1;0;1;0;1;1;1;1;0;0;1;0;0;0;0;0
"27603296";1;99;187;1;0;0;0;0;1;0;1;0;1;1;0;1;0;0;1;1;1;1;1;1;0;0;1;0;0
"27603299";0;29;186;0;0;0;1;1;1;0;1;0;0;0;0;0;0;0;1;1;0;0;1;0;0;0;0;0;0
"27603303";0;43;190;0;0;0;0;0;0;0;0;0;0;0;0;0;0;0;1;1;1;1;1;0;0;0;0;0;0
"27603311";1;68;184;1;1;0;1;1;1;2;1;1;1;1;2;0;1;0;1;1;1;0;1;1;0;0;0;1;0
"27603318";0;51;183;0;0;0;0;0;1;2;0;0;1;0;0;0;0;0;1;1;1;1;1;0;1;0;0;0;1
"27603319";1;53;186;0;0;1;1;1;1;1;0;1;1;1;2;0;1;1;0;1;1;1;1;0;1;1;1;1;0
"27603322";0;54;188;0;1;1;1;1;1;0;0;0;1;1;2;1;1;1;1;1;1;1;1;1;1;1;1;1;0
"27603324";1;53;189;1;1;1;1;1;1;2;0;0;1;1;1;0;0;1;1;1;1;1;1;1;1;1;1;1;0
"27603331";0;30;188;0;0;0;0;0;0;0;0;0;1;1;0;0;0;0;0;0;0;1;0;0;0;0;0;0;0
"27603337";0;28;191;1;1;1;1;1;1;0;1;0;0;0;1;0;1;1;0;0;1;0;1;1;0;0;1;0;0
"27603341";0;29;183;1;0;1;1;0;1;2;1;1;1;0;1;1;1;0;1;1;0;1;1;0;0;0;1;1;0
"27603342";1;43;192;0;0;0;0;0;1;1;1;0;0;0;0;0;0;0;0;0;0;1;1;0;0;0;1;1;0
"27603346";1;34;187;1;0;1;1;1;0;2;1;0;0;0;0;0;0;0;1;1;0;0;1;0;1;1;1;0;0
"27603349";0;43;193;0;0;0;0;0;1;0;0;0;0;0;0;0;0;0;1;1;1;1;1;0;0;0;0;0;0
"27603352";1;34;183;1;0;0;1;0;0;0;0;0;0;0;0;0;1;0;1;0;0;0;0;0;0;0;0;0;0
"27603354";1;74;187;1;0;0;1;0;1;2;1;0;1;1;0;1;1;1;1;1;1;1;1;0;1;0;1;0;0
"27603362";0;34;193;0;0;0;1;0;1;2;1;0;1;0;0;0;0;0;0;0;0;0;0;0;0;0;0;0;0
"27603363";0;54;185;0;1;0;0;1;1;0;0;0;0;0;0;0;1;0;1;1;0;1;1;0;0;0;0;0;0
"27603366";1;34;193;1;0;0;0;0;1;2;0;0;0;1;1;0;0;1;1;1;1;0;1;1;0;0;1;0;0
"27603369";1;34;187;1;0;0;1;0;1;2;1;0;0;1;1;1;1;1;1;1;1;1;1;1;0;0;1;0;0
"27603376";1;56;193;1;1;0;1;1;1;2;0;0;1;0;0;0;1;1;1;1;0;1;1;1;1;0;1;1;0
"27603377";1;66;188;0;0;1;1;1;1;1;0;0;1;0;1;1;1;1;1;1;0;1;0;1;0;1;1;1;0
"27603378";1;88;187;0;0;0;0;0;0;2;0;1;1;0;0;0;0;0;1;1;0;1;1;0;0;0;0;0;0
"27603381";0;88;189;1;1;1;1;1;1;0;0;0;1;0;0;2;1;0;1;1;0;1;0;0;0;0;0;0;1
"27603394";1;46;193;1;1;1;1;1;1;2;1;1;1;1;2;1;0;0;1;1;1;1;1;1;1;0;1;1;0
"27603404";1;57;185;1;0;1;1;1;1;0;1;1;0;1;1;0;1;0;1;0;0;0;1;1;0;0;0;0;1
"27603411";1;51;187;0;0;0;0;0;0;0;0;1;0;0;0;0;0;0;1;1;1;0;0;1;0;0;0;0;0
"27603416";1;54;194;1;1;1;1;1;0;0;1;0;0;0;0;0;1;0;1;1;0;0;1;1;0;0;1;0;0
"27603417";1;68;184;1;1;1;1;0;1;2;1;0;0;0;1;1;1;0;1;1;1;1;1;1;1;1;1;0;0
"27603422";1;23;186;1;1;0;1;0;1;2;1;1;1;1;2;2;1;1;1;1;1;1;1;1;1;1;1;1;1
"27603424";1;43;193;1;0;1;1;1;0;2;1;1;1;1;1;1;1;1;1;1;1;1;1;0;1;0;1;1;1
"27603429";0;45;194;1;1;0;1;1;0;2;0;0;0;0;1;1;1;1;0;0;1;0;1;0;1;0;1;0;0
"27603433";1;33;187;1;1;0;1;0;1;0;1;0;0;1;2;1;1;1;1;1;1;1;0;0;0;0;1;0;1
"27603442";1;49;185;1;0;1;1;1;0;0;1;0;1;1;2;0;1;0;1;1;1;1;1;0;0;0;1;0;0
"27603443";0;67;191;1;1;0;1;1;1;0;1;0;1;1;1;1;1;0;1;0;0;1;0;1;0;0;1;0;1
"27603449";0;44;183;1;0;0;1;1;1;0;0;0;0;1;1;1;1;1;1;1;1;1;1;0;0;0;1;1;0
"27603453";0;69;185;0;0;1;1;0;0;2;1;0;1;0;2;1;1;1;0;0;1;1;0;1;0;0;1;1;0
"27603457";1;34;184;1;1;0;1;1;1;0;0;0;0;0;0;0;0;0;0;1;0;1;0;0;0;0;0;0;0
"27603462";0;34;192;0;0;0;1;1;1;1;1;0;0;0;1;1;1;1;1;1;1;1;1;0;1;1;0;0;1
"27603463";1;73;187;1;0;0;0;0;0;0;0;0;0;0;0;0;1;0;1;0;1;1;0;1;0;0;1;0;0
"27603468";1;51;183;0;1;1;1;1;1;2;1;0;1;1;2;1;1;1;0;1;1;1;1;1;1;0;1;1;0
"27603473";0;34;190;1;0;0;1;0;1;0;0;0;0;0;1;0;0;1;1;1;0;1;1;1;0;0;1;0;1
"27603474";1;34;188;0;0;1;1;1;1;1;1;1;1;0;0;1;1;0;1;1;0;0;1;1;0;0;1;0;0
"27603477";1;56;193;0;0;0;0;0;1;0;1;1;0;1;0;0;0;0;1;1;0;0;1;0;1;1;1;1;1
"27603480";1;45;186;1;0;0;1;1;0;2;0;1;0;1;0;0;1;1;1;1;1;1;1;0;1;1;1;0;0
"27603486";0;52;183;1;1;1;1;1;1;2;1;1;0;0;2;1;1;0;1;1;0;1;1;0;0;0;1;1;0
"27603501";1;51;187;1;1;0;0;0;1;2;1;1;1;0;2;1;0;0;1;1;1;1;1;1;1;0;1;1;1
"27603503";1;69;188;1;1;0;1;0;1;2;0;1;1;1;2;2;1;1;1;1;1;1;1;1;0;0;0;0;0
"27603513";0;51;186;1;0;0;1;0;1;2;1;1;1;1;2;1;1;1;1;1;1;1;1;0;1;1;1;0;0
"27603516";1;30;189;0;1;0;1;0;1;2;1;1;0;1;2;1;1;1;1;1;1;1;1;0;1;1;1;1;0
"27603519";1;23;188;0;0;0;1;0;1;0;0;0;1;1;0;1;0;0;1;1;0;1;1;1;0;1;1;1;0
"27603521";1;43;186;1;1;1;1;1;1;2;1;0;0;1;1;2;1;1;1;1;1;1;1;0;1;1;1;1;1
"27603523";1;38;193;1;1;1;0;1;1;2;0;1;1;0;2;1;1;1;0;1;1;1;1;1;1;0;1;1;0
"27603527";0;39;187;1;1;1;1;1;1;2;1;1;1;1;0;0;1;1;1;1;1;1;1;1;1;1;1;1;0
"27603531";0;65;185;0;1;1;1;1;1;2;1;0;0;0;2;1;1;1;1;1;1;0;1;1;1;1;1;1;0
"27603533";0;56;186;1;1;1;1;1;1;2;1;0;1;1;0;1;1;1;1;1;1;1;1;1;0;1;1;1;1
"27603537";0;67;193;1;1;1;1;1;1;2;1;1;1;1;2;1;1;1;1;1;1;1;1;0;1;0;0;1;1
"27603546";1;43;186;1;1;1;1;1;1;1;1;0;1;1;1;1;1;1;1;1;1;1;1;1;1;1;1;1;0
"27603549";0;56;189;1;1;1;1;0;1;0;0;0;1;1;2;1;0;1;1;1;1;1;1;1;1;1;0;1;0
"27603551";1;37;186;1;1;1;1;1;1;2;1;0;1;1;2;2;0;1;1;1;1;1;1;1;1;0;1;1;1
"27603563";1;69;186;1;1;1;1;1;1;1;0;1;1;1;2;2;1;1;1;1;1;1;1;1;1;1;1;0;1
"27603566";0;61;185;1;1;1;1;1;1;1;1;0;0;1;0;0;1;0;1;1;1;0;1;1;0;0;1;1;1
"27603569";0;51;191;1;1;1;1;1;1;2;1;0;1;1;2;1;1;1;1;1;1;1;1;1;1;1;1;1;1
"27603572";1;56;189;1;1;1;1;1;1;2;1;0;1;1;2;2;1;1;1;1;1;1;1;0;1;0;1;1;0
"27603577";0;29;189;0;1;1;1;1;1;0;1;0;1;1;2;1;1;1;1;1;1;1;1;1;1;1;1;1;1
"27603581";1;51;186;1;0;1;1;1;1;1;1;0;0;1;1;2;1;1;1;1;0;1;1;1;0;0;1;0;1
"27603589";0;61;188;1;1;1;1;1;0;0;1;0;0;1;2;1;1;0;1;1;1;1;1;1;0;0;0;1;0
"27603591";1;59;190;1;1;1;1;1;1;2;1;1;1;1;2;2;1;1;1;1;1;1;1;1;1;1;1;1;1
"27603600";0;59;190;0;1;0;1;1;1;2;1;0;0;1;2;1;0;1;1;1;0;1;0;1;0;1;0;1;0
"27603610";1;46;183;0;1;1;1;0;1;2;1;0;1;1;0;1;1;1;1;1;1;1;1;1;0;0;1;1;1
"27603611";1;67;187;1;1;0;1;1;1;2;1;1;1;1;1;2;1;1;1;1;1;1;1;1;1;0;1;1;0
"27603613";1;43;192;1;1;0;1;1;1;2;1;1;1;1;1;1;0;1;1;0;1;0;1;0;1;1;1;0;0
"27603619";1;88;188;1;1;1;1;1;1;2;1;1;1;1;2;1;1;1;1;1;1;1;1;0;1;1;1;1;1
"27603626";1;29;183;0;1;0;1;1;1;2;1;0;0;0;2;1;0;1;1;1;1;1;1;1;1;0;1;1;0
"27603631";1;69;194;0;0;0;0;0;1;2;1;0;0;1;2;2;0;0;1;1;1;1;0;0;0;0;0;0;0
"27603632";0;69;194;1;1;0;1;0;0;0;0;0;0;1;0;1;1;0;1;1;1;1;1;0;0;0;1;0;0
"27603635";0;69;189;1;1;0;0;0;0;0;1;0;0;0;0;0;1;0;0;1;1;0;1;1;0;0;1;0;0
"27603636";1;45;188;1;0;1;1;0;1;1;0;0;0;1;0;0;1;1;1;1;1;0;1;0;0;0;0;1;0
"27603638";0;43;188;1;1;1;1;0;0;0;1;0;1;0;0;1;1;1;1;1;1;1;1;1;1;0;1;0;0
"27603646";0;38;188;1;1;1;1;0;1;1;0;0;1;0;0;0;1;1;1;1;1;1;1;1;0;1;1;0;0
"27603649";1;34;193;0;0;1;1;1;0;2;1;0;0;0;2;0;1;0;0;1;1;1;1;1;1;0;0;1;0
"27603657";0;29;183;0;0;0;1;0;0;0;0;0;1;0;0;1;0;0;0;1;0;0;1;0;0;0;0;0;0
"27603659";1;30;184;1;0;0;0;0;1;0;0;0;0;1;0;0;1;0;0;1;0;1;0;0;0;0;0;0;0
"27603669";0;25;188;0;1;0;0;0;0;0;0;0;1;0;0;0;1;1;0;0;0;1;0;0;0;0;1;0;0
"27603670";1;30;190;0;0;0;1;1;1;0;0;1;0;1;0;0;1;0;1;1;0;1;0;0;0;0;0;0;0
"27603673";1;51;185;0;1;1;1;1;1;2;0;1;1;1;2;2;1;1;1;1;1;1;1;0;1;0;1;1;0
"27603675";0;53;193;1;1;0;1;0;1;0;0;0;0;1;1;1;0;1;1;0;0;1;1;0;0;0;0;0;0
"27603682";1;45;192;0;0;0;0;1;0;0;0;0;0;1;0;0;0;0;0;1;1;1;0;0;0;0;0;0;0
"27603685";1;31;185;0;0;0;0;0;0;0;0;0;0;0;0;0;0;0;0;0;0;0;0;0;0;0;0;0;0
"27603688";1;45;192;0;0;0;0;1;0;0;1;0;0;1;1;1;1;0;0;0;1;0;1;1;0;0;1;0;0
"27603691";0;43;190;0;0;0;0;0;1;0;1;0;1;0;1;1;0;0;1;0;0;1;0;0;0;0;1;0;0
"27603696";1;16;187;0;1;0;1;0;0;0;0;1;0;0;0;0;1;0;1;0;0;0;1;1;0;0;1;0;0
"27603701";0;60;191;0;1;0;1;1;1;0;1;1;0;0;1;0;1;1;1;0;0;0;1;0;0;0;1;0;0
"27603706";0;69;184;1;0;0;1;0;0;2;1;0;1;1;1;1;1;1;1;1;1;1;0;1;0;0;0;1;0
"27603722";1;59;188;1;1;1;1;1;1;1;0;0;0;0;2;1;1;1;1;1;1;1;1;0;0;1;1;1;0
"27603723";0;50;188;0;0;0;0;0;0;0;0;0;0;0;0;0;0;0;0;1;0;1;1;0;0;0;0;0;0
"27603726";0;38;185;0;0;1;1;0;1;0;1;1;0;1;1;0;1;0;1;1;0;0;1;1;0;1;1;0;0
"27603734";1;27;193;0;0;0;1;0;0;0;1;0;0;0;0;1;0;0;1;1;0;0;0;0;0;0;0;0;0
"27603739";1;30;184;1;0;0;0;0;0;0;1;0;1;0;0;2;0;1;1;1;1;1;0;0;0;0;0;0;0
"27603745";0;99;193;0;0;0;0;0;0;0;0;0;1;0;0;0;1;0;1;1;0;1;0;0;0;0;1;0;0
"27603751";0;34;193;1;0;0;0;0;1;0;0;0;1;1;1;0;0;0;1;1;1;1;0;0;0;0;1;0;0
"27603754";0;45;189;0;0;0;0;0;0;0;1;0;0;0;0;0;0;0;1;0;0;1;0;0;0;0;0;0;0
"27603760";1;43;185;1;0;0;1;1;1;0;0;1;0;1;1;0;1;1;1;1;0;1;1;1;0;0;1;1;1
"27603764";1;55;188;1;1;0;1;1;0;2;1;1;0;1;1;1;1;1;1;0;0;1;1;1;0;0;0;0;0
"27603770";0;54;187;1;1;1;0;1;1;0;0;0;0;0;2;1;0;1;0;0;0;0;0;0;0;0;0;0;0
"27603778";0;43;189;0;0;0;0;0;0;0;0;0;0;0;1;1;0;0;0;0;0;0;0;0;0;0;0;0;0
"27603782";1;97;190;0;0;0;0;0;0;0;1;0;0;0;0;0;0;1;1;0;0;0;0;0;0;0;1;0;0
"27603792";0;38;190;0;0;0;0;0;0;0;1;0;0;0;0;0;0;0;0;0;0;0;0;0;0;0;0;0;0
"27603793";0;97;185;0;0;0;0;1;0;0;0;0;0;0;0;0;0;0;0;0;0;0;0;0;0;0;0;0;0
"27603794";0;43;187;0;0;0;0;1;0;0;1;0;0;0;0;0;0;0;0;0;0;1;1;0;0;0;0;0;0
"27603808";1;23;194;0;0;0;1;0;1;0;1;0;0;0;0;0;0;0;0;0;0;0;0;0;0;0;1;0;0
"27603815";1;45;190;0;0;0;0;0;0;0;0;0;0;1;0;0;0;0;0;1;1;1;0;0;0;0;0;0;0
"27603816";0;43;188;1;0;1;1;1;1;0;0;0;0;1;2;1;1;1;1;1;0;1;0;0;0;0;0;0;0
"27603820";0;99;188;0;0;0;0;0;0;0;0;0;0;0;0;0;0;0;0;0;0;0;0;0;0;0;1;0;0
"27603832";0;31;189;1;0;0;1;1;0;0;0;0;0;1;0;0;1;1;0;0;0;0;1;0;0;0;0;0;0
"27603835";1;26;187;1;0;0;0;0;1;0;1;0;0;1;0;0;0;0;1;1;0;1;1;0;0;0;0;0;0
"27603837";0;54;189;1;0;0;1;1;0;0;0;0;0;1;0;0;1;0;1;0;0;0;1;0;0;0;0;0;0
"27603838";1;78;188;0;0;0;0;0;0;2;0;1;1;1;1;1;1;0;1;1;0;1;0;0;0;0;0;0;0
"27603843";0;25;183;1;1;0;0;1;0;0;0;0;0;0;1;0;1;0;0;1;0;1;0;0;0;0;0;0;0
"27603848";1;54;189;1;1;1;1;0;1;2;1;0;0;1;1;1;1;1;1;1;1;1;1;1;1;0;1;0;0
"27603850";1;56;188;1;1;1;1;1;1;2;1;1;1;0;2;2;1;1;1;1;0;1;1;1;0;1;1;1;0
"27603851";0;43;185;1;0;0;1;0;1;2;1;0;0;0;2;1;1;1;1;0;0;1;1;1;1;0;1;0;0
"27603864";1;32;188;1;1;0;1;0;1;0;0;1;0;1;1;1;1;1;1;1;0;1;1;1;1;0;1;1;0
"27603865";1;69;189;1;0;1;1;0;1;0;0;0;1;0;1;0;1;0;1;0;1;0;0;0;0;0;0;0;0
"27603870";1;54;192;1;1;0;1;1;1;2;1;0;1;1;1;1;1;1;1;1;0;1;1;1;1;1;1;1;1
"27603873";1;56;187;1;1;0;0;0;1;2;1;1;0;1;0;1;0;0;1;1;0;1;1;1;1;0;1;1;0
"27603878";1;69;184;1;0;0;1;1;1;2;1;1;1;1;2;2;1;1;1;1;1;1;1;1;1;1;1;0;0
"27603883";0;74;190;1;1;1;1;0;1;2;0;1;1;1;0;1;1;0;1;1;1;1;1;1;0;1;1;1;0
"27603888";1;43;184;1;0;0;1;1;1;1;0;0;1;1;2;2;0;1;1;1;1;1;1;1;0;0;1;1;0
"27603889";1;59;190;1;1;0;1;0;1;2;0;1;0;1;1;1;1;1;1;1;0;1;1;0;0;0;1;1;0
"27603895";1;59;189;0;1;1;1;0;1;1;1;0;0;0;0;1;0;1;1;1;1;1;0;0;0;0;0;1;0
"27603896";0;16;184;1;0;1;1;1;1;2;1;0;0;1;2;0;1;1;1;1;1;1;1;1;1;0;1;0;0
"27603898";1;20;186;1;1;0;1;1;1;1;0;0;0;0;1;0;0;1;1;1;1;1;1;1;1;1;1;0;0
"27603911";0;53;189;0;0;0;0;0;1;2;1;0;0;0;0;0;0;0;1;1;0;0;1;0;0;0;0;1;0
"27603915";1;38;187;1;1;1;1;1;1;0;1;0;1;1;2;2;1;1;1;1;1;1;1;1;0;1;1;1;0
"27603917";0;99;193;0;0;0;0;0;0;0;0;0;0;0;0;0;0;0;0;0;0;0;0;0;0;0;0;0;0
"27603918";0;99;190;0;0;0;0;1;1;2;1;1;0;0;1;2;1;1;1;1;1;1;1;1;0;1;1;0;0
"27603919";0;73;185;0;0;0;0;0;0;2;1;1;1;1;1;0;0;1;1;1;1;0;1;1;0;0;0;1;0
"27603920";1;50;192;0;0;0;1;0;1;0;0;1;1;1;0;1;1;0;1;1;1;1;1;1;0;0;1;1;0
"27603932";0;50;184;0;0;0;1;0;0;0;1;0;1;1;0;2;0;0;0;0;0;1;1;0;0;0;1;0;0
"27603933";1;54;185;0;1;0;1;1;0;2;1;1;0;1;0;0;0;0;0;1;1;1;0;0;0;1;1;1;0
"27603940";1;74;184;0;0;1;1;0;0;1;0;0;0;0;0;1;0;0;0;1;1;0;1;0;1;0;0;0;0
"27603945";0;24;192;0;0;1;1;0;0;0;0;0;0;0;0;0;0;0;0;1;1;1;1;0;0;0;1;0;0
"27603946";1;43;187;0;0;0;0;0;1;0;0;0;0;0;0;0;0;0;0;0;0;0;0;0;0;0;0;0;0
"27603951";1;30;188;0;0;0;1;0;1;0;1;0;0;1;0;0;1;0;1;1;0;1;0;0;0;0;0;0;0
"27603964";0;56;184;0;0;1;1;1;1;2;1;0;0;1;1;1;1;0;1;0;0;0;0;1;0;1;0;0;0
"27603969";0;56;190;0;1;0;1;1;1;2;1;1;0;0;1;0;0;0;1;0;1;1;1;0;0;0;0;0;0
"27603978";0;99;190;0;0;0;1;0;0;0;0;0;0;0;1;0;1;0;1;1;0;0;0;0;0;0;1;0;0
"27603979";1;69;189;0;0;0;0;0;0;2;1;0;0;0;0;0;0;0;1;0;1;0;1;1;0;0;1;0;1
"27603984";1;57;183;1;0;1;1;0;1;2;0;0;0;1;1;0;1;1;1;1;1;1;1;1;0;0;0;1;0
"27603992";0;51;184;0;0;0;0;0;0;2;1;0;1;1;1;0;0;0;1;1;1;1;0;0;0;0;0;0;0
"27603994";1;38;188;1;1;1;1;1;1;0;0;1;1;1;1;1;1;1;0;1;1;1;1;1;0;0;1;0;0
"27603998";1;51;185;0;1;0;1;0;1;2;1;1;0;0;1;0;1;1;0;1;1;1;1;1;0;0;1;0;0
"27604004";1;49;190;1;1;1;1;1;1;2;0;1;1;1;2;1;0;1;1;1;1;0;1;1;0;0;0;1;0
"27604005";0;71;186;1;1;1;1;0;1;2;1;0;0;1;2;2;1;1;1;1;1;1;1;0;1;0;1;1;0
"27604007";0;88;184;1;1;0;1;0;0;0;1;0;1;0;0;1;1;1;1;0;1;1;0;0;0;0;0;0;0
"27604010";1;60;184;1;1;1;1;1;0;0;0;0;1;1;2;1;0;1;1;1;0;1;1;0;0;0;0;0;0
"27604018";0;56;192;0;1;0;1;1;1;2;0;0;0;0;1;0;0;1;1;1;1;1;1;0;0;1;0;0;0
"27604023";1;69;190;1;0;0;1;1;1;0;1;1;0;1;1;1;1;1;1;1;0;1;1;0;0;0;1;1;0
"27604024";0;24;191;1;0;0;0;0;1;0;0;0;0;1;1;0;0;0;0;1;0;0;0;1;0;0;0;0;0
"27604027";0;38;183;0;0;0;0;0;0;0;0;0;0;0;0;0;0;0;1;1;0;1;0;0;0;0;0;0;0
"27604033";0;34;183;0;0;0;0;0;0;2;0;0;1;0;0;0;1;0;0;0;1;0;0;0;0;0;0;0;0
"27604034";1;41;184;0;0;0;1;1;1;2;0;1;0;1;0;1;1;0;1;1;1;1;1;1;1;0;1;1;0
"27604039";0;23;191;1;0;0;0;1;1;0;0;0;0;0;1;0;1;0;1;0;1;0;0;0;0;1;0;0;0
"27604045";1;34;189;0;0;0;0;0;1;2;0;0;0;0;0;0;1;0;0;0;1;1;1;0;1;0;1;0;0
"27604046";1;38;194;0;0;0;1;0;1;0;0;0;0;1;2;0;1;0;1;0;1;1;1;0;0;0;0;0;0
"27604048";1;45;192;0;0;1;1;0;1;2;1;0;1;0;1;0;1;0;1;1;1;1;1;0;0;1;1;0;0
"27604049";1;23;184;1;0;0;1;0;0;0;0;0;0;0;0;0;0;0;1;0;1;1;1;0;0;0;0;0;0
"27604053";0;38;190;1;0;0;1;0;0;0;0;0;0;0;1;0;1;0;0;0;0;0;1;0;0;0;0;0;0
"27604062";1;69;188;1;1;1;1;0;1;0;1;0;0;1;1;1;1;0;1;1;1;1;1;1;0;1;1;0;0
"27604074";0;32;190;1;1;0;1;1;0;2;1;1;0;0;2;1;1;1;1;0;1;1;1;1;0;1;0;1;0
"27604078";1;43;186;0;1;0;0;1;1;0;1;0;0;1;1;1;0;0;1;1;0;0;1;1;0;0;1;0;0
"27604080";0;43;185;1;0;0;1;1;0;2;1;0;0;0;1;0;0;0;0;0;0;0;0;0;0;0;0;0;0
"27604089";1;39;190;1;1;1;1;1;1;2;0;1;0;1;2;1;1;1;1;1;1;0;1;1;1;0;1;0;1
"27604092";1;29;190;1;0;0;0;1;0;1;1;0;0;1;0;1;1;1;1;1;0;0;0;1;0;0;0;1;1
"27604095";1;31;194;1;0;1;1;1;1;0;0;1;1;1;1;1;0;0;1;1;1;1;0;0;0;0;0;0;1
"27604100";1;30;192;1;0;0;1;1;1;0;1;0;0;0;0;0;0;0;1;0;1;1;1;1;0;0;1;0;0
"27604104";0;33;188;0;0;0;1;0;1;0;0;0;0;1;1;0;0;1;0;1;1;0;0;0;0;0;0;1;0
"27604110";1;26;183;0;1;0;1;1;1;2;0;0;1;0;0;0;0;0;1;1;1;0;1;1;0;0;0;0;0
"27604116";1;40;191;1;1;0;1;0;0;2;0;0;0;1;0;1;0;0;1;1;1;1;0;1;0;0;0;0;0
"27604123";1;51;193;0;1;0;1;1;0;2;1;0;0;0;2;1;1;0;1;1;1;0;1;0;0;0;1;0;0
"27604128";1;54;190;1;1;0;1;1;1;2;1;0;0;1;1;1;1;1;1;1;1;1;1;0;1;0;1;1;0
"27604130";1;30;193;1;0;0;0;0;1;2;0;1;1;1;2;0;0;1;1;1;1;1;1;0;0;1;1;1;0
"27604141";1;30;193;0;0;0;0;0;1;0;1;0;0;0;0;0;0;0;0;1;0;0;0;0;0;0;0;0;0
"27604144";1;34;188;1;0;0;0;0;0;0;0;0;0;1;0;0;0;0;0;1;1;1;1;0;0;0;0;0;0
"27604157";0;50;188;1;1;0;1;0;1;0;0;0;0;0;0;0;0;1;1;0;0;0;0;0;0;1;1;1;1
"27604161";0;83;192;1;1;1;1;1;1;1;0;1;1;1;1;2;1;1;1;1;1;1;1;1;1;1;1;1;1
"27604167";0;43;189;1;1;0;1;1;0;0;0;0;0;0;0;0;0;0;1;0;0;0;1;1;0;0;0;0;0
"27604169";1;69;183;1;0;1;1;0;0;2;0;0;1;1;1;0;1;0;1;1;1;1;1;1;1;0;1;1;0
"27604176";1;53;185;0;0;0;0;0;1;0;1;0;1;0;0;1;0;0;1;1;1;0;0;0;0;0;1;1;0
"27604180";0;40;187;0;0;0;0;0;1;2;1;0;0;1;0;0;0;0;1;1;1;1;0;0;0;0;0;1;0
"27604182";0;38;183;1;1;1;1;0;0;0;0;0;0;1;0;1;0;0;0;0;0;1;0;0;0;0;0;0;0
"27604191";0;68;187;1;1;1;1;0;1;0;0;0;0;1;2;1;1;1;1;1;1;1;1;1;0;0;0;1;1
"27604198";1;71;184;1;1;0;1;1;1;2;1;0;1;1;1;1;1;1;1;1;1;1;1;1;1;0;1;1;0
"27604208";0;69;192;1;1;0;1;1;1;2;1;0;1;1;2;2;1;1;1;1;1;1;1;1;1;0;1;1;0
"27604210";1;51;186;1;1;0;1;1;1;2;0;1;1;1;2;1;1;1;1;1;1;1;1;1;1;1;1;1;1
"27604213";0;69;188;1;1;0;0;1;1;2;1;1;1;1;2;1;1;1;1;1;1;1;1;1;0;0;0;0;0
"27604217";0;69;194;1;1;1;1;1;1;2;1;0;0;1;1;1;1;1;1;1;1;1;1;0;1;0;1;1;1
"27604222";1;54;184;0;0;0;1;1;1;0;1;0;0;1;1;0;1;1;1;1;1;1;1;0;0;0;1;0;1
"27604228";0;38;187;0;1;0;1;1;0;0;1;0;0;0;0;1;0;1;0;0;0;0;0;0;0;0;0;0;0
"27604230";1;69;190;0;0;0;1;0;1;0;1;0;0;0;0;0;0;0;1;1;0;0;1;0;0;0;0;1;0
"27604238";1;99;184;0;0;0;1;0;0;0;0;0;1;1;0;0;0;0;0;1;0;0;1;0;0;0;0;1;0
"27604242";1;34;186;0;0;0;1;0;0;2;1;0;1;1;0;0;0;0;0;1;1;1;1;1;0;0;1;0;0
"27604245";0;29;186;1;0;1;1;0;1;1;1;1;0;0;1;1;1;0;1;1;1;1;1;0;0;0;1;1;0
"27604247";1;69;185;1;1;1;1;1;1;2;0;0;0;1;0;0;1;1;1;1;1;1;1;1;1;1;1;1;1
"27604248";0;33;192;1;1;1;1;1;1;1;0;0;0;1;2;2;1;1;1;0;0;1;1;0;1;1;1;1;0
"27604253";0;65;185;1;1;0;1;0;0;2;0;0;0;1;2;1;1;1;1;0;1;0;0;1;0;1;0;1;0
"27604255";0;67;184;1;1;1;1;1;1;2;0;1;1;1;1;1;1;1;1;1;1;1;1;0;1;1;1;0;1
"27604280";0;31;192;0;1;1;1;1;1;0;1;0;0;0;1;1;1;0;0;0;1;1;0;0;0;0;1;0;0
"27604282";1;34;186;0;0;0;1;0;0;2;0;0;1;1;1;0;0;0;1;1;1;0;1;0;0;0;1;0;0
"27604283";0;68;183;1;1;1;1;0;0;2;1;0;1;1;2;1;0;1;1;1;0;1;1;0;0;0;0;0;0
"27604290";1;43;192;0;0;0;0;0;0;0;0;0;0;0;0;0;0;0;1;1;0;0;0;0;0;0;1;0;0
"27604291";1;38;191;0;1;1;1;1;1;1;1;1;1;1;1;1;1;1;0;1;1;1;1;1;1;0;1;0;1
"27604298";0;40;191;1;1;0;1;1;1;2;1;1;0;1;1;1;1;1;1;1;1;1;1;0;1;0;0;0;0
"27604300";0;69;190;0;0;0;1;1;0;0;0;1;1;1;2;2;1;1;1;1;1;1;1;1;1;1;1;0;0
"27604304";1;67;194;0;1;0;1;1;1;2;1;0;1;1;0;2;0;1;1;1;0;1;1;1;1;0;1;1;0
"27604309";0;54;185;1;0;0;0;1;1;0;1;1;0;1;1;1;1;1;1;1;1;1;1;0;0;1;0;1;0
"27604310";0;43;190;1;1;0;0;0;0;0;0;0;0;0;1;1;1;0;0;1;1;1;0;0;0;0;0;0;0
"27604312";0;87;999;1;0;1;1;0;1;2;1;0;1;0;1;1;1;1;1;1;1;1;1;0;0;0;1;1;0
"27604323";1;67;185;0;0;0;1;0;1;0;1;1;0;0;1;0;0;0;0;0;0;0;0;0;0;0;1;0;0
"27604325";1;37;191;1;0;0;1;1;1;0;0;1;1;1;1;1;0;0;0;1;0;0;1;1;1;0;1;0;0
"27604335";0;30;193;0;0;0;0;0;0;0;0;0;0;0;0;0;0;0;1;1;1;1;0;0;0;0;0;0;0
"27604342";1;51;188;0;0;0;0;0;0;0;0;0;0;0;0;0;0;0;1;1;0;0;1;0;0;0;1;0;0
"27604343";0;30;183;1;0;0;1;1;1;0;0;0;0;0;0;0;0;0;1;1;0;1;1;0;0;0;0;0;0
"27604345";0;77;191;0;0;0;1;0;1;2;1;1;1;1;0;0;0;0;1;0;0;1;0;0;0;0;0;0;0
"27604348";1;34;190;0;0;0;0;1;0;0;1;0;0;0;1;0;1;0;1;1;1;0;0;0;0;0;0;0;0
"27604351";0;51;193;1;1;0;1;1;0;0;0;0;0;0;0;0;0;0;1;1;1;0;0;0;0;0;1;1;0
"27604356";0;68;191;0;0;0;0;0;1;2;0;0;0;0;0;0;0;0;1;1;1;1;1;1;1;1;1;1;0
"27604358";0;87;194;1;1;0;0;0;1;0;1;1;1;1;0;0;1;0;1;1;1;0;0;0;0;0;1;1;1
"27604359";0;52;187;0;1;0;1;0;1;2;1;1;0;0;2;1;1;0;1;1;1;1;0;0;0;0;0;0;0
"27604361";0;53;191;1;1;1;0;1;1;2;0;1;1;1;1;0;0;0;1;1;0;1;1;0;0;1;1;1;0
"27604365";0;24;185;0;1;0;1;1;1;2;1;0;1;1;1;0;1;1;1;1;0;0;0;1;0;0;0;0;1
"27604379";1;69;187;0;0;0;1;0;0;2;1;1;0;0;0;0;1;0;1;1;0;1;1;1;1;1;1;1;1
"27604389";0;97;997;0;0;0;0;0;0;0;0;0;0;0;0;0;0;0;0;0;0;0;0;0;0;0;0;0;0
"27604392";1;51;189;0;0;0;1;1;1;2;1;0;0;1;1;2;1;1;1;1;1;1;1;1;1;0;1;0;1
"27604394";0;99;187;1;1;1;1;0;1;0;0;1;0;1;2;2;1;0;1;1;1;1;1;1;1;1;1;1;0
"27604395";0;87;193;1;1;0;1;1;1;2;0;0;1;1;2;1;1;1;1;1;1;1;1;0;1;0;1;1;1
"27604399";1;54;183;1;1;1;1;1;1;2;0;0;1;1;2;1;1;1;1;1;1;1;1;1;0;0;1;0;0
"27604408";1;99;189;1;0;0;0;1;1;2;1;0;0;0;0;1;1;1;0;1;1;1;0;0;0;0;0;0;0
"27604410";1;69;189;0;0;0;1;0;1;2;0;1;1;1;1;0;0;1;0;1;0;0;1;1;1;0;1;0;1
"27604416";0;77;188;0;1;1;1;1;1;2;0;0;0;1;2;1;1;1;1;1;1;1;1;1;1;1;1;0;0
"27604420";0;34;188;1;0;0;1;1;1;2;0;1;1;1;1;1;0;0;1;1;0;1;1;0;0;1;1;0;1
"27604425";1;34;186;1;0;0;0;0;0;0;0;0;0;0;0;0;0;0;1;0;0;1;0;0;0;0;0;0;0
"27604426";1;36;188;0;0;0;0;0;0;0;1;0;0;0;0;0;0;0;0;0;0;1;0;0;0;0;0;0;0
"27604428";1;34;189;1;0;0;1;0;1;0;0;0;0;0;1;0;0;1;1;1;0;0;0;0;0;1;1;0;0
"27604437";1;43;191;0;0;0;0;0;0;0;1;0;1;1;1;1;1;0;1;0;0;1;0;0;0;0;0;0;0
"27604440";1;43;186;1;0;0;1;1;1;0;1;0;1;0;1;0;0;1;1;1;0;1;1;0;0;0;0;0;0
"27604443";1;43;187;0;0;0;0;0;1;0;0;0;0;0;0;0;0;0;1;1;0;1;1;0;0;0;0;1;0
"27604450";0;67;193;1;1;0;1;0;0;0;0;0;0;1;1;1;0;0;1;1;0;1;0;1;0;0;1;0;0
"27604455";0;69;186;1;1;0;1;1;1;0;0;1;0;0;2;1;1;1;1;1;1;1;0;1;0;0;0;1;0
"27604461";1;51;192;1;1;1;1;1;1;2;0;0;1;1;2;1;1;1;1;1;1;1;1;1;1;1;1;1;1
"27604463";1;78;191;0;0;0;1;1;1;0;1;0;1;1;2;1;1;1;1;1;1;1;1;1;1;1;1;1;0
"27604464";1;23;194;1;0;0;1;1;1;0;0;0;1;1;0;1;1;1;1;1;1;1;1;1;1;1;1;1;1
"27604470";1;88;189;0;1;1;0;1;0;2;1;1;1;1;0;0;1;0;1;1;1;1;1;0;1;1;1;1;1
"27604471";0;85;189;1;1;1;1;1;1;0;0;0;0;1;1;1;0;0;0;1;1;1;1;1;0;0;1;1;0
"27604474";0;54;184;1;1;1;1;1;1;2;0;0;1;1;0;1;0;0;0;1;1;1;1;1;1;1;1;1;1
"27604479";1;50;193;1;1;0;1;0;1;2;0;0;0;1;2;2;1;1;1;1;1;1;1;1;1;0;1;1;0
"27604485";0;51;184;1;1;0;0;1;1;0;1;0;0;0;0;0;0;1;1;1;1;0;0;0;0;0;0;0;0
"27604489";0;45;185;1;0;0;1;0;1;0;0;0;0;1;2;1;1;0;1;1;1;1;0;0;1;1;0;0;0
"27604491";0;43;183;0;1;1;1;0;0;2;0;1;0;1;2;2;0;1;1;1;1;0;1;1;1;0;1;0;0
"27604498";0;65;191;1;1;1;0;1;0;2;1;1;1;1;1;0;1;0;1;1;1;1;1;1;1;1;1;0;1
"27604502";0;54;189;0;1;0;0;0;1;1;0;1;0;1;0;1;0;0;0;1;0;0;0;1;0;0;0;0;0
"27604509";1;55;191;1;0;0;1;1;1;0;1;0;1;1;2;1;0;0;1;1;1;1;1;1;1;0;1;0;0
"27604510";0;87;183;1;0;0;1;1;1;2;1;0;0;1;0;0;1;1;1;1;0;0;1;0;1;0;1;0;0
"27604515";1;53;185;0;0;0;1;1;1;0;0;0;0;0;0;1;1;1;1;1;1;0;1;0;0;0;1;0;0
"27604529";0;51;193;1;1;0;1;0;0;0;1;0;0;1;1;0;1;1;0;1;0;1;1;0;0;1;1;0;0
"27604541";0;99;189;1;0;0;1;1;1;0;0;0;0;1;2;1;1;1;1;1;1;0;1;0;0;1;0;0;0
"27604546";1;51;185;1;0;0;1;1;1;0;1;0;0;1;2;2;1;1;1;1;1;1;1;1;1;1;1;1;0
"27604549";1;38;191;1;0;0;0;1;1;0;1;0;1;1;1;1;0;0;1;1;1;1;1;1;1;0;1;1;1
"27604550";1;43;190;1;1;0;1;0;0;0;0;0;0;1;1;2;1;1;1;1;1;1;0;0;0;0;0;1;0
"27604555";1;59;193;0;0;0;1;1;1;1;0;0;0;1;1;0;0;1;1;0;1;1;1;1;0;1;0;0;0
"27604562";1;25;183;1;0;0;1;1;0;0;1;0;0;0;1;0;0;1;1;1;0;1;1;0;0;0;1;0;0
"27604565";0;60;189;1;1;0;0;0;0;0;1;0;0;1;2;0;1;1;1;1;1;1;0;0;0;1;0;0;0
"27604571";1;34;194;0;0;0;0;0;1;0;1;0;0;0;0;0;0;0;0;1;0;1;1;0;0;0;0;0;0
"27604575";0;43;187;0;1;0;0;1;0;1;1;0;0;1;0;0;0;0;1;1;1;0;0;0;0;0;0;0;0
"27604588";0;34;190;0;0;0;0;0;1;2;0;0;0;1;1;0;0;0;1;1;1;1;0;0;0;0;0;1;0
"27604590";1;55;189;1;1;1;1;1;1;2;1;1;1;1;1;2;1;1;1;1;1;1;1;1;0;1;1;1;0
"27604592";1;87;183;0;0;1;1;1;1;0;1;1;0;1;1;2;1;0;1;1;0;0;1;1;1;1;1;1;0
"27604593";0;30;191;1;0;0;1;0;1;0;1;0;0;1;1;1;1;0;0;1;0;0;1;1;0;0;1;1;0
"27604600";0;52;192;0;0;0;0;0;1;1;1;1;1;1;1;0;0;0;1;1;1;1;1;1;1;0;1;1;0
"27604606";1;88;189;1;0;1;1;1;1;1;1;1;1;0;1;1;1;1;1;1;1;1;1;1;1;1;1;0;0
"27604609";0;87;185;0;0;0;0;0;0;0;1;0;0;0;2;0;0;0;0;1;1;1;0;0;0;0;0;0;0
"27604616";1;69;186;0;0;0;1;0;0;0;0;0;0;0;0;0;0;0;1;1;0;0;1;0;0;0;0;1;0
"27604619";0;30;187;1;1;1;1;0;0;0;0;0;0;1;1;0;1;1;1;1;0;0;0;0;0;0;0;0;0
"27604623";0;43;999;1;1;1;1;1;1;0;1;0;0;0;1;1;1;1;1;1;0;0;1;1;1;1;1;0;0
"27604624";1;52;187;0;1;0;1;1;1;2;1;0;1;1;1;1;1;1;1;1;0;1;1;0;0;0;1;1;1
"27604626";0;71;194;1;1;0;1;0;1;0;0;1;0;0;2;1;1;1;1;1;1;0;1;1;1;0;0;0;0
"27604627";0;59;188;1;0;1;1;0;1;0;1;0;0;1;0;0;1;1;1;1;0;1;1;0;0;0;1;0;0
"27604632";0;69;193;0;1;1;1;1;1;2;1;0;0;1;2;2;1;1;1;1;1;1;1;1;0;1;1;1;0
"27604643";0;69;191;1;1;1;1;1;1;1;0;0;1;1;1;1;1;1;1;1;1;1;1;1;0;1;1;1;1
"27604649";1;65;191;1;0;0;1;1;1;2;1;0;1;1;0;1;1;0;1;1;1;1;1;1;0;1;1;1;0
"27604655";0;43;189;1;1;0;1;0;0;0;1;0;0;0;1;1;0;0;0;0;0;0;0;0;0;0;0;0;0
"27604656";1;34;190;0;0;0;0;0;0;0;1;0;0;0;0;0;0;0;0;1;1;0;0;0;0;0;0;0;0
"27604660";0;51;191;0;1;0;1;0;1;2;0;0;0;0;2;0;1;1;1;0;1;0;1;1;0;1;0;0;0
"27604665";0;34;190;1;0;0;1;0;0;0;1;0;0;0;0;0;0;0;0;0;0;0;0;0;0;0;0;0;0
"27604666";0;51;187;0;0;0;0;1;0;0;0;0;0;0;0;0;0;0;0;0;0;0;1;0;0;0;0;0;0
"27604669";1;38;184;0;0;0;0;0;0;0;0;0;0;0;1;0;1;0;1;1;0;0;1;0;0;0;0;0;0
"27604675";1;53;189;1;1;0;0;1;1;2;1;1;1;1;2;0;1;1;1;1;1;1;1;1;1;1;1;0;0
"27604682";1;52;185;1;1;0;1;0;1;0;1;0;0;1;0;0;0;0;1;1;0;1;1;0;0;0;0;0;0
"27604683";1;69;188;1;0;0;1;0;0;2;1;0;1;1;0;0;0;0;1;1;1;0;1;0;0;1;1;0;0
"27604686";1;51;187;0;0;0;1;0;1;0;1;0;1;1;1;0;1;0;0;1;1;1;1;1;0;1;1;0;0
"27604690";0;69;189;1;1;0;1;1;0;0;0;0;0;1;0;0;1;1;0;1;1;0;0;0;0;0;0;0;0
"27604697";0;40;190;0;0;0;0;1;0;2;1;0;0;0;1;2;1;0;1;0;1;1;0;0;0;0;0;1;0
"27604700";1;53;184;1;0;0;1;0;1;2;0;0;1;1;2;2;0;1;1;1;1;1;1;1;1;0;1;1;0
"27604702";0;71;190;1;1;1;1;1;1;0;0;1;0;1;1;1;1;1;0;0;1;0;1;0;0;1;1;0;0
"27604710";0;25;191;0;1;0;0;0;1;1;0;0;1;1;2;0;1;0;0;1;1;1;0;1;0;1;0;0;0
"27604713";1;85;191;0;0;0;1;1;0;0;1;0;0;0;1;2;0;0;0;0;1;1;1;0;0;0;1;0;0
"27604719";1;38;190;0;0;0;1;0;1;2;1;0;1;1;2;1;1;0;1;1;1;1;1;1;1;1;1;1;1
"27604723";0;38;189;1;1;1;0;1;1;2;0;1;1;0;2;1;1;1;0;1;0;1;0;0;0;0;0;0;0
"27604724";0;50;185;1;1;0;1;1;1;1;1;0;0;0;1;1;1;1;0;1;1;1;1;1;0;1;1;0;1
"27604729";0;51;183;1;1;0;1;1;1;0;0;1;1;1;1;0;1;1;0;0;0;0;1;0;1;1;1;0;0
"27604732";0;46;185;1;1;0;1;1;1;1;1;0;0;1;2;1;1;1;1;1;0;1;1;0;1;1;1;0;0
"27604738";1;51;187;1;1;0;1;1;1;2;1;0;1;1;1;1;0;1;1;1;0;0;1;1;1;1;1;1;0
"27604739";1;69;192;0;0;0;1;1;1;2;0;0;1;1;2;1;1;1;1;1;1;1;1;1;1;0;1;0;0
"27604749";1;44;190;1;1;1;1;1;1;2;1;1;1;1;1;1;1;1;1;1;1;1;1;1;1;1;0;1;0
"27604751";1;50;186;1;1;1;1;1;1;1;1;0;1;0;1;1;1;1;1;1;1;1;1;1;1;1;1;1;0
"27604752";0;73;184;1;1;0;1;1;1;0;1;0;0;1;1;0;1;1;1;1;1;1;1;1;1;0;1;1;0
"27604762";0;99;184;1;0;1;1;1;1;1;1;0;0;1;0;1;0;0;1;1;1;1;0;1;1;1;0;1;0
"27604770";1;46;185;1;0;0;1;1;1;2;1;1;0;1;2;0;1;1;1;1;1;1;1;0;1;0;1;1;0
"27604773";0;50;192;0;0;0;0;0;1;2;1;1;1;1;1;1;1;1;1;1;1;1;1;1;0;1;1;1;0
"27604774";0;90;190;1;1;1;1;1;1;2;1;0;1;0;0;1;0;0;1;1;1;1;1;1;1;1;1;1;1
"27604776";1;51;185;0;1;0;1;1;1;2;1;0;1;1;2;1;1;1;1;1;1;1;1;1;1;1;1;1;1
"27604784";0;74;188;1;0;0;1;0;0;0;1;0;0;0;1;0;0;0;1;1;1;1;1;0;1;0;0;0;0
"27604794";0;51;184;0;0;0;1;0;1;2;1;1;0;0;0;0;1;0;1;1;1;0;0;1;0;1;1;1;0
"27604800";0;88;192;1;1;0;1;1;1;2;1;0;0;1;1;1;1;1;1;1;0;1;0;1;1;1;0;0;0
"27604801";0;30;185;0;1;0;1;0;1;0;1;0;0;0;1;1;0;1;0;1;1;1;1;0;0;0;1;0;0
"27604810";0;51;188;0;0;0;0;0;1;2;1;1;0;0;0;0;0;0;1;1;1;1;0;1;0;0;0;1;0
"27604811";1;85;193;1;1;0;1;0;1;2;1;1;1;1;1;1;1;1;1;1;1;1;0;1;0;1;1;1;1
"27604813";1;56;183;1;1;1;1;1;1;2;1;1;1;1;2;1;1;1;1;1;1;1;1;1;0;1;1;1;0
"27604818";0;65;193;1;1;0;1;1;1;2;0;0;0;1;2;2;1;1;1;1;1;1;1;1;1;0;1;0;0
"27604826";0;65;189;1;0;0;1;1;1;2;1;1;1;1;2;1;1;1;1;1;0;1;1;1;1;1;1;1;1
"27604828";1;37;189;1;1;1;1;1;1;2;0;1;1;1;2;2;0;1;1;1;0;1;1;1;1;1;1;1;1
"27604835";0;52;187;1;0;0;1;0;1;0;0;0;1;1;1;1;0;1;1;1;1;1;1;1;1;0;1;1;1
"27604836";1;85;193;1;1;1;1;1;1;2;0;0;1;1;1;1;1;1;1;1;1;1;1;1;1;1;1;1;0
"27604848";1;38;187;0;0;0;0;0;1;2;1;0;1;0;1;0;1;1;1;1;1;0;1;1;1;1;1;0;0
"27604850";0;71;192;1;1;1;1;1;1;2;1;0;1;1;1;1;1;0;1;1;1;1;1;1;1;1;1;1;0
"27604852";1;51;187;1;1;1;1;1;1;2;1;1;1;1;2;2;1;1;1;1;1;1;1;1;1;1;1;1;1
"27604860";1;49;194;1;1;1;1;1;1;2;1;1;1;1;2;2;1;1;1;1;1;1;1;0;1;1;1;1;1
"27604865";1;88;191;0;1;1;1;1;1;2;1;1;0;1;2;1;1;1;1;1;1;1;1;1;1;1;1;1;1
"27604867";1;55;183;1;1;1;1;1;1;2;1;1;0;1;2;1;1;1;1;1;0;1;1;1;1;1;1;1;1
"27604870";0;38;191;1;1;0;1;1;1;2;1;1;1;1;1;2;1;1;1;1;1;1;1;1;1;1;0;0;0
"27604878";1;51;193;1;0;0;1;1;1;0;0;0;1;1;0;1;1;1;1;1;1;1;1;0;0;0;0;1;0
"27604879";0;43;187;1;1;0;1;1;1;2;1;0;0;0;1;2;1;1;1;1;1;1;1;0;0;0;0;0;0
"27604885";0;23;189;1;1;0;1;1;1;0;1;0;0;1;1;1;1;1;1;1;1;1;1;1;1;0;1;0;0
"27604889";0;46;184;1;1;1;1;1;1;2;1;0;0;1;2;2;1;1;1;1;1;1;1;0;0;1;1;0;0
"27604895";0;88;191;1;1;1;1;0;1;2;0;1;1;1;2;1;1;1;1;1;1;1;1;1;1;1;0;1;1
"27604897";1;40;187;1;1;0;1;0;1;2;0;0;0;0;1;0;1;0;1;1;1;0;1;1;0;1;1;0;0
"27604899";1;56;191;0;1;1;1;1;1;1;0;0;1;1;2;1;0;1;1;1;1;0;1;1;1;1;1;1;0
"27604907";1;30;194;0;0;0;0;0;0;0;0;0;1;0;0;0;0;1;1;1;0;0;0;0;0;0;0;0;0
"27604908";1;88;192;0;0;0;0;1;0;0;0;0;0;0;0;0;0;0;1;0;0;0;0;0;0;0;0;0;0
"27604913";1;30;193;0;0;0;0;0;0;0;0;0;0;0;0;0;0;0;0;0;0;0;0;0;0;0;0;0;0
"27604917";1;71;192;1;1;1;1;1;1;1;0;0;0;1;2;1;1;0;1;1;1;1;1;1;0;0;1;1;0
"27604922";1;43;191;1;1;1;1;1;1;2;1;1;1;1;0;2;1;1;1;1;0;1;1;1;1;1;1;1;1
"27604923";1;51;184;1;1;0;0;0;1;1;1;1;0;1;1;2;1;1;1;1;0;1;0;0;0;1;0;1;1
"27604925";0;51;186;1;1;1;1;1;1;1;1;0;0;1;2;2;0;1;1;1;1;1;1;1;1;1;1;1;1
"27604932";0;43;186;0;0;0;1;1;0;1;1;0;0;0;0;1;0;1;1;1;1;0;1;0;0;0;0;0;1
"27604933";1;54;184;0;0;0;0;0;1;2;0;0;0;0;2;1;1;0;1;1;1;1;1;0;1;0;1;0;0
"27604953";1;55;184;1;1;0;1;1;1;1;0;0;1;0;2;1;0;1;0;1;1;1;1;1;1;0;1;1;0
"27604954";1;51;193;1;1;1;1;1;1;1;1;1;1;1;2;1;1;1;1;1;1;1;1;1;1;1;1;1;1
"27604956";1;34;188;1;0;0;1;1;1;2;1;1;1;1;0;1;1;1;1;1;1;1;1;1;1;0;1;0;1
"27604957";1;56;193;1;1;1;1;1;1;2;1;0;1;1;1;1;1;1;1;1;1;1;1;0;1;1;1;0;0
"27604964";1;45;184;1;1;0;1;1;1;2;0;0;1;0;2;1;1;1;1;1;1;1;1;1;1;0;1;1;0
"27604965";1;54;187;1;1;1;1;1;1;1;1;1;0;1;1;1;1;1;1;1;1;1;1;1;1;1;1;1;1
"27604970";1;51;183;1;0;0;1;1;1;2;0;0;1;1;2;0;1;1;1;1;1;1;1;1;1;1;1;1;0
"27604980";0;34;187;0;0;0;0;0;1;2;1;0;1;1;1;1;1;0;0;1;1;1;0;1;0;0;1;1;0
"27604984";1;49;184;1;1;0;1;1;1;2;1;1;1;1;0;2;1;1;1;1;0;1;1;1;1;1;1;0;0
"27604986";0;51;184;1;1;1;1;0;1;0;1;1;1;1;1;1;1;1;1;1;1;0;1;1;1;1;1;1;0
"27604992";0;60;190;1;1;1;1;1;0;0;1;1;0;0;2;1;1;1;1;0;1;0;1;1;0;1;1;0;1
"27604999";0;55;194;1;1;0;1;1;1;0;1;0;1;1;2;2;1;0;1;1;0;1;1;1;0;1;1;1;0
"27605004";1;19;191;0;1;1;1;0;1;2;0;1;0;1;1;0;1;1;1;1;1;1;1;0;1;0;1;0;0
"27605005";1;16;191;0;0;0;0;0;1;2;1;1;0;0;0;0;0;0;1;0;1;1;1;0;0;0;1;0;0
"27605006";0;88;185;1;1;0;1;1;0;0;0;1;0;0;1;0;0;1;1;1;0;0;0;0;0;0;1;0;0
"27605013";1;20;185;1;0;0;1;1;0;0;0;0;1;1;1;0;0;0;1;0;1;0;1;0;0;1;1;0;0
"27605024";1;29;183;1;0;0;1;1;1;0;1;0;1;1;0;1;0;1;1;1;0;1;1;0;0;0;1;0;0
"27605025";0;55;194;1;1;0;0;1;0;0;1;0;0;0;0;0;0;1;0;0;0;0;0;0;0;0;0;0;0
"27605035";1;43;189;0;1;1;1;0;1;1;1;0;0;1;2;2;1;1;1;1;1;1;1;1;1;1;1;1;1
"27605053";1;34;183;1;1;0;1;1;1;2;1;0;0;1;2;1;1;1;1;1;1;0;1;1;1;0;1;0;1
"27605056";0;51;191;0;1;0;1;1;1;2;1;0;1;1;2;1;1;1;1;1;1;1;1;1;0;1;1;0;1
"27605057";1;69;188;0;0;0;1;1;1;2;1;0;0;1;1;1;1;1;1;1;1;1;1;1;0;0;1;0;0
"27605058";1;54;186;1;1;1;1;1;1;2;1;1;1;1;2;1;1;1;1;1;1;1;1;1;0;0;1;0;0
"27605069";1;38;189;0;0;0;1;1;1;2;1;0;1;1;1;1;1;1;1;1;1;1;1;1;1;1;1;0;0
"27605072";0;69;185;0;0;0;0;0;1;2;0;1;1;1;2;1;0;0;1;1;1;1;0;0;0;0;1;1;1
